,Product,Price,Rating,No. of Ratings,No. of Reviews,images
0,"APPLE iPhone 14 (Blue, 128 GB)",66999,4.6,1125,70,https://rukminim1.flixcart.com/image/312/312/xif0q/mobile/3/5/l/-original-imaghx9qmgqsk9s4.jpeg?q=70
1,"APPLE iPhone 14 (Purple, 128 GB)",67999,4.6,1125,70,https://rukminim1.flixcart.com/image/312/312/xif0q/mobile/b/u/f/-original-imaghxa5hvapbfds.jpeg?q=70
2,"APPLE iPhone 14 (Midnight, 128 GB)",66999,4.6,1125,70,https://rukminim1.flixcart.com/image/312/312/xif0q/mobile/9/e/e/-original-imaghx9q5rvcdghy.jpeg?q=70
3,"APPLE iPhone 14 Plus (Blue, 128 GB)",75999,4.6,461,53,https://rukminim1.flixcart.com/image/312/312/xif0q/mobile/c/4/d/-original-imaghx9qygjjg8hz.jpeg?q=70
4,"APPLE iPhone 11 (White, 64 GB)",37999,4.6,177344,10540,https://rukminim1.flixcart.com/image/312/312/k2jbyq80pkrrdj/mobile-refurbished/k/y/d/iphone-11-256-u-mwm82hn-a-apple-0-original-imafkg25mhaztxns.jpeg?q=70
5,"APPLE iPhone 11 (Black, 64 GB)",37999,4.6,177344,10540,https://rukminim1.flixcart.com/image/312/312/k2jbyq80pkrrdj/mobile-refurbished/x/j/s/iphone-11-128-d-mwm02hn-a-apple-0-original-imafkg242ugz8hwc.jpeg?q=70
6,"APPLE iPhone 13 (Starlight, 128 GB)",59499,4.7,178951,9838,https://rukminim1.flixcart.com/image/312/312/ktketu80/mobile/6/n/d/iphone-13-mlpg3hn-a-apple-original-imag6vpyghayhhrh.jpeg?q=70
7,"APPLE iPhone 14 (Starlight, 128 GB)",67999,4.6,1125,70,https://rukminim1.flixcart.com/image/312/312/xif0q/mobile/m/o/b/-original-imaghx9qkugtbfrn.jpeg?q=70
8,"APPLE iPhone 13 (Blue, 128 GB)",59499,4.7,178951,9838,https://rukminim1.flixcart.com/image/312/312/ktketu80/mobile/2/y/o/iphone-13-mlpk3hn-a-apple-original-imag6vpyur6hjngg.jpeg?q=70
9,"APPLE iPhone 13 (Midnight, 128 GB)",59499,4.7,178951,9838,https://rukminim1.flixcart.com/image/312/312/ktketu80/mobile/s/l/c/iphone-13-mlpf3hn-a-apple-original-imag6vzz5qvejz8z.jpeg?q=70
10,"APPLE iPhone 14 Plus (Midnight, 128 GB)",75999,4.6,461,53,https://rukminim1.flixcart.com/image/312/312/xif0q/mobile/a/b/0/-original-imaghx9qnhzxegu2.jpeg?q=70
11,"APPLE iPhone 14 (Blue, 256 GB)",76999,4.6,1125,70,https://rukminim1.flixcart.com/image/312/312/xif0q/mobile/3/5/l/-original-imaghx9qmgqsk9s4.jpeg?q=70
12,"APPLE iPhone 14 Plus ((PRODUCT)RED, 128 GB)",75999,4.6,461,53,https://rukminim1.flixcart.com/image/312/312/xif0q/mobile/a/h/7/-original-imaghx9qaepzajta.jpeg?q=70
13,"APPLE iPhone 13 ((PRODUCT)RED, 128 GB)",59499,4.7,178951,9838,https://rukminim1.flixcart.com/image/312/312/ktketu80/mobile/a/m/7/iphone-13-mlpj3hn-a-apple-original-imag6vpyk3w4zarg.jpeg?q=70
14,"APPLE iPhone 14 (Starlight, 256 GB)",76999,4.6,1125,70,https://rukminim1.flixcart.com/image/312/312/xif0q/mobile/m/o/b/-original-imaghx9qkugtbfrn.jpeg?q=70
15,"APPLE iPhone 14 ((PRODUCT)RED, 128 GB)",66999,4.6,1125,70,https://rukminim1.flixcart.com/image/312/312/xif0q/mobile/r/k/o/-original-imaghx9qtwbnhwvy.jpeg?q=70
16,"APPLE iPhone 14 Plus (Starlight, 256 GB)",85999,4.6,461,53,https://rukminim1.flixcart.com/image/312/312/xif0q/mobile/l/v/8/-original-imaghx9qudmydgc4.jpeg?q=70
17,"APPLE iPhone 14 (Purple, 256 GB)",76999,4.6,1125,70,https://rukminim1.flixcart.com/image/312/312/xif0q/mobile/b/u/f/-original-imaghxa5hvapbfds.jpeg?q=70
18,"APPLE iPhone 13 (Pink, 128 GB)",60499,4.7,178951,9838,https://rukminim1.flixcart.com/image/312/312/ktketu80/mobile/8/z/w/iphone-13-mlph3hn-a-apple-original-imag6vzzhrxgazsg.jpeg?q=70
19,"APPLE iPhone 14 Plus (Blue, 256 GB)",85999,4.6,461,53,https://rukminim1.flixcart.com/image/312/312/xif0q/mobile/c/4/d/-original-imaghx9qygjjg8hz.jpeg?q=70
20,"APPLE iPhone 14 (Midnight, 256 GB)",76999,4.6,1125,70,https://rukminim1.flixcart.com/image/312/312/xif0q/mobile/9/e/e/-original-imaghx9q5rvcdghy.jpeg?q=70
21,"APPLE iPhone 14 Plus ((PRODUCT)RED, 256 GB)",85999,4.6,461,53,https://rukminim1.flixcart.com/image/312/312/xif0q/mobile/a/h/7/-original-imaghx9qaepzajta.jpeg?q=70
22,"APPLE iPhone 13 (Midnight, 256 GB)",69499,4.7,178951,9838,https://rukminim1.flixcart.com/image/312/312/ktketu80/mobile/s/l/c/iphone-13-mlpf3hn-a-apple-original-imag6vzz5qvejz8z.jpeg?q=70
23,"APPLE iPhone 14 ((PRODUCT)RED, 256 GB)",76999,4.6,1125,70,https://rukminim1.flixcart.com/image/312/312/xif0q/mobile/r/k/o/-original-imaghx9qtwbnhwvy.jpeg?q=70
24,"APPLE iPhone 14 Plus (Purple, 256 GB)",85999,4.6,461,53,https://rukminim1.flixcart.com/image/312/312/xif0q/mobile/v/0/t/-original-imaghxa5rgcv5enm.jpeg?q=70
25,"APPLE iPhone 13 (Starlight, 256 GB)",69499,4.7,178951,9838,https://rukminim1.flixcart.com/image/312/312/ktketu80/mobile/6/n/d/iphone-13-mlpg3hn-a-apple-original-imag6vpyghayhhrh.jpeg?q=70
26,"APPLE iPhone 14 Plus (Midnight, 256 GB)",85999,4.6,461,53,https://rukminim1.flixcart.com/image/312/312/xif0q/mobile/a/b/0/-original-imaghx9qnhzxegu2.jpeg?q=70
27,"APPLE iPhone 14 Pro (Deep Purple, 128 GB)",122999,4.7,476,43,https://rukminim1.flixcart.com/image/312/312/xif0q/mobile/l/8/r/-original-imaghxemnnnkd8bg.jpeg?q=70
28,"APPLE iPhone 14 Pro Max (Deep Purple, 128 GB)",132999,4.7,437,45,https://rukminim1.flixcart.com/image/312/312/xif0q/mobile/6/x/j/-original-imaghxejqvpwfqh2.jpeg?q=70
29,"APPLE iPhone 13 (Blue, 256 GB)",69499,4.7,178951,9838,https://rukminim1.flixcart.com/image/312/312/ktketu80/mobile/2/y/o/iphone-13-mlpk3hn-a-apple-original-imag6vpyur6hjngg.jpeg?q=70
30,"APPLE iPhone 14 Pro Max (Gold, 128 GB)",132999,4.7,437,45,https://rukminim1.flixcart.com/image/312/312/xif0q/mobile/k/u/6/-original-imaghxen343tbjgj.jpeg?q=70
31,"APPLE iPhone 14 Plus (Purple, 128 GB)",76999,4.6,461,53,https://rukminim1.flixcart.com/image/312/312/xif0q/mobile/v/0/t/-original-imaghxa5rgcv5enm.jpeg?q=70
32,"APPLE iPhone 12 mini (White, 64 GB)",38999,4.5,123723,9964,https://rukminim1.flixcart.com/image/312/312/kg8avm80/mobile/d/g/b/apple-iphone-12-mini-dummyapplefsn-original-imafwgbfhx4cfzue.jpeg?q=70
33,"APPLE iPhone 14 Pro Max (Silver, 128 GB)",132999,4.7,437,45,https://rukminim1.flixcart.com/image/312/312/xif0q/mobile/k/s/t/-original-imaghxengzjc2djt.jpeg?q=70
34,"APPLE iPhone 11 (Red, 64 GB)",40999,4.6,177344,10540,https://rukminim1.flixcart.com/image/312/312/k2jbyq80pkrrdj/mobile-refurbished/q/z/g/iphone-11-128-a-mwm32hn-a-apple-0-original-imafkg25hjmuy98e.jpeg?q=70
35,"APPLE iPhone 11 (White, 128 GB)",43999,4.6,177344,10540,https://rukminim1.flixcart.com/image/312/312/k2jbyq80pkrrdj/mobile-refurbished/k/y/d/iphone-11-256-u-mwm82hn-a-apple-0-original-imafkg25mhaztxns.jpeg?q=70
36,"APPLE iPhone 11 (Black, 128 GB)",43999,4.6,177344,10540,https://rukminim1.flixcart.com/image/312/312/k2jbyq80pkrrdj/mobile-refurbished/x/j/s/iphone-11-128-d-mwm02hn-a-apple-0-original-imafkg242ugz8hwc.jpeg?q=70
37,"APPLE iPhone 12 (Black, 128 GB)",56999,4.6,185821,12681,https://rukminim1.flixcart.com/image/312/312/kg8avm80/mobile/r/h/z/apple-iphone-12-dummyapplefsn-original-imafwg8duby8qbn4.jpeg?q=70
38,"APPLE iPhone 11 (Red, 128 GB)",45999,4.6,177344,10540,https://rukminim1.flixcart.com/image/312/312/k2jbyq80pkrrdj/mobile-refurbished/q/z/g/iphone-11-128-a-mwm32hn-a-apple-0-original-imafkg25hjmuy98e.jpeg?q=70
39,"APPLE iPhone 14 Pro (Space Black, 128 GB)",122999,4.7,476,43,https://rukminim1.flixcart.com/image/312/312/xif0q/mobile/y/l/p/-original-imaghxemc3wtcuhb.jpeg?q=70
40,"APPLE iPhone 12 (White, 128 GB)",56999,4.6,185821,12681,https://rukminim1.flixcart.com/image/312/312/kg8avm80/mobile/j/f/9/apple-iphone-12-dummyapplefsn-original-imafwg8dkyh2zgrh.jpeg?q=70
41,"APPLE iPhone 13 (Green, 128 GB)",60499,4.7,178951,9838,https://rukminim1.flixcart.com/image/312/312/l0igvww0/mobile/r/q/m/-original-imagca5ajerqpfjy.jpeg?q=70
42,"APPLE iPhone 14 Pro Max (Gold, 256 GB)",142999,4.7,437,45,https://rukminim1.flixcart.com/image/312/312/xif0q/mobile/k/u/6/-original-imaghxen343tbjgj.jpeg?q=70
43,"APPLE iPhone 12 (Purple, 128 GB)",56999,4.6,185821,12681,https://rukminim1.flixcart.com/image/312/312/ko0d6kw0/mobile/6/h/y/iphone-12-mjnm3hn-a-apple-original-imag2k2v6ehvnzfd.jpeg?q=70
44,"APPLE iPhone 14 Pro Max (Space Black, 256 GB)",142999,4.7,437,45,https://rukminim1.flixcart.com/image/312/312/xif0q/mobile/9/f/p/-original-imaghxenhnpyhn5u.jpeg?q=70
45,"APPLE iPhone 12 (Green, 128 GB)",56999,4.6,185821,12681,https://rukminim1.flixcart.com/image/312/312/kg8avm80/mobile/p/f/w/apple-iphone-12-dummyapplefsn-original-imafwg8dubf3nytw.jpeg?q=70
46,"APPLE iPhone 12 mini (Red, 256 GB)",52999,4.5,123723,9964,https://rukminim1.flixcart.com/image/312/312/kg8avm80/mobile/n/2/u/apple-iphone-12-mini-dummyapplefsn-original-imafwgbfxuhswfgj.jpeg?q=70
47,"APPLE iPhone 13 (Pink, 256 GB)",69499,4.7,178951,9838,https://rukminim1.flixcart.com/image/312/312/ktketu80/mobile/8/z/w/iphone-13-mlph3hn-a-apple-original-imag6vzzhrxgazsg.jpeg?q=70
48,"APPLE iPhone 11 (Purple, 64 GB)",40999,4.6,177344,10540,https://rukminim1.flixcart.com/image/312/312/k2jbyq80pkrrdj/mobile-refurbished/y/k/z/iphone-11-64-a-mwlx2hn-a-apple-0-original-imafkg24ymsjav9h.jpeg?q=70
49,"APPLE iPhone 12 (Purple, 64 GB)",52999,4.6,185821,12681,https://rukminim1.flixcart.com/image/312/312/ko0d6kw0/mobile/6/h/y/iphone-12-mjnm3hn-a-apple-original-imag2k2v6ehvnzfd.jpeg?q=70
50,"APPLE iPhone 14 Pro (Deep Purple, 256 GB)",132999,4.7,476,43,https://rukminim1.flixcart.com/image/312/312/xif0q/mobile/l/8/r/-original-imaghxemnnnkd8bg.jpeg?q=70
51,"APPLE iPhone 12 mini (Black, 256 GB)",52999,4.5,123723,9964,https://rukminim1.flixcart.com/image/312/312/kg8avm80/mobile/n/p/d/apple-iphone-12-mini-dummyapplefsn-original-imafwgbfwkfrerak.jpeg?q=70
52,"APPLE iPhone 14 Pro Max (Silver, 512 GB)",162999,4.7,437,45,https://rukminim1.flixcart.com/image/312/312/xif0q/mobile/k/s/t/-original-imaghxengzjc2djt.jpeg?q=70
53,"APPLE iPhone 13 Pro (Alpine Green, 512 GB)",125999,4.6,1369,119,https://rukminim1.flixcart.com/image/312/312/l0igvww0/mobile/c/j/j/-original-imagca5hhzsgpycf.jpeg?q=70
54,"APPLE iPhone 14 Pro Max (Space Black, 128 GB)",132999,4.7,437,45,https://rukminim1.flixcart.com/image/312/312/xif0q/mobile/9/f/p/-original-imaghxenhnpyhn5u.jpeg?q=70
55,"APPLE iPhone 12 (Red, 128 GB)",56999,4.6,185821,12681,https://rukminim1.flixcart.com/image/312/312/kg8avm80/mobile/q/8/f/apple-iphone-12-dummyapplefsn-original-imafwg8dbzv8vh7t.jpeg?q=70
56,"APPLE iPhone 12 (White, 64 GB)",52999,4.6,185821,12681,https://rukminim1.flixcart.com/image/312/312/kg8avm80/mobile/j/f/9/apple-iphone-12-dummyapplefsn-original-imafwg8dkyh2zgrh.jpeg?q=70
57,"APPLE iPhone 14 Pro Max (Silver, 256 GB)",142999,4.7,437,45,https://rukminim1.flixcart.com/image/312/312/xif0q/mobile/k/s/t/-original-imaghxengzjc2djt.jpeg?q=70
58,"APPLE iPhone 11 (Green, 64 GB)",40999,4.6,177344,10540,https://rukminim1.flixcart.com/image/312/312/k2jbyq80pkrrdj/mobile-refurbished/u/z/t/iphone-11-256-c-mwmd2hn-a-apple-0-original-imafkg24wszdhzy3.jpeg?q=70
59,"APPLE iPhone 12 (Green, 64 GB)",52999,4.6,185821,12681,https://rukminim1.flixcart.com/image/312/312/kg8avm80/mobile/p/f/w/apple-iphone-12-dummyapplefsn-original-imafwg8dubf3nytw.jpeg?q=70
60,"APPLE iPhone 13 ((PRODUCT)RED, 256 GB)",69499,4.7,178951,9838,https://rukminim1.flixcart.com/image/312/312/ktketu80/mobile/a/m/7/iphone-13-mlpj3hn-a-apple-original-imag6vpyk3w4zarg.jpeg?q=70
61,"APPLE iPhone 12 (Black, 64 GB)",52999,4.6,185821,12681,https://rukminim1.flixcart.com/image/312/312/kg8avm80/mobile/r/h/z/apple-iphone-12-dummyapplefsn-original-imafwg8duby8qbn4.jpeg?q=70
62,"APPLE iPhone 12 (Blue, 128 GB)",56999,4.6,185821,12681,https://rukminim1.flixcart.com/image/312/312/kg8avm80/mobile/y/7/n/apple-iphone-12-dummyapplefsn-original-imafwg8dpyjvgg3j.jpeg?q=70
63,"APPLE iPhone 12 mini (Blue, 256 GB)",52999,4.5,123723,9964,https://rukminim1.flixcart.com/image/312/312/kg8avm80/mobile/s/h/f/apple-iphone-12-mini-dummyapplefsn-original-imafwgbfukehtnxv.jpeg?q=70
64,"APPLE iPhone 14 Pro Max (Deep Purple, 512 GB)",162999,4.7,437,45,https://rukminim1.flixcart.com/image/312/312/xif0q/mobile/6/x/j/-original-imaghxejqvpwfqh2.jpeg?q=70
65,"APPLE iPhone 14 Pro Max (Gold, 512 GB)",162999,4.7,437,45,https://rukminim1.flixcart.com/image/312/312/xif0q/mobile/k/u/6/-original-imaghxen343tbjgj.jpeg?q=70
66,"APPLE iPhone 13 (Green, 512 GB)",89499,4.7,178951,9838,https://rukminim1.flixcart.com/image/312/312/l0igvww0/mobile/r/q/m/-original-imagca5ajerqpfjy.jpeg?q=70
67,"APPLE iPhone 13 (Blue, 512 GB)",89499,4.7,178951,9838,https://rukminim1.flixcart.com/image/312/312/ktketu80/mobile/2/y/o/iphone-13-mlpk3hn-a-apple-original-imag6vpyur6hjngg.jpeg?q=70
68,"APPLE iPhone 14 Pro (Gold, 128 GB)",122999,4.7,476,43,https://rukminim1.flixcart.com/image/312/312/xif0q/mobile/i/h/c/-original-imaghxemmqyahnuj.jpeg?q=70
69,"APPLE iPhone 13 (Midnight, 512 GB)",89499,4.7,178951,9838,https://rukminim1.flixcart.com/image/312/312/ktketu80/mobile/s/l/c/iphone-13-mlpf3hn-a-apple-original-imag6vzz5qvejz8z.jpeg?q=70
70,"APPLE iPhone 12 mini (Blue, 64 GB)",38999,4.5,123723,9964,https://rukminim1.flixcart.com/image/312/312/kg8avm80/mobile/s/h/f/apple-iphone-12-mini-dummyapplefsn-original-imafwgbfukehtnxv.jpeg?q=70
71,"APPLE iPhone 12 mini (Black, 128 GB)",43999,4.5,123723,9964,https://rukminim1.flixcart.com/image/312/312/kg8avm80/mobile/n/p/d/apple-iphone-12-mini-dummyapplefsn-original-imafwgbfwkfrerak.jpeg?q=70
72,"APPLE iPhone 13 mini (Green, 512 GB)",79990,4.5,3044,265,https://rukminim1.flixcart.com/image/312/312/l0igvww0/mobile/y/j/1/-original-imagca5ge9yrbrzq.jpeg?q=70
73,"APPLE iPhone 14 Plus (Starlight, 512 GB)",105999,4.6,461,53,https://rukminim1.flixcart.com/image/312/312/xif0q/mobile/l/v/8/-original-imaghx9qudmydgc4.jpeg?q=70
74,"APPLE iPhone 11 (Purple, 128 GB)",45999,4.6,177344,10540,https://rukminim1.flixcart.com/image/312/312/k2jbyq80pkrrdj/mobile-refurbished/y/k/z/iphone-11-64-a-mwlx2hn-a-apple-0-original-imafkg24ymsjav9h.jpeg?q=70
75,"APPLE iPhone 11 (Yellow, 64 GB)",40999,4.6,177344,10540,https://rukminim1.flixcart.com/image/312/312/k2jbyq80pkrrdj/mobile-refurbished/y/y/z/iphone-11-64-a-mwlw2hn-a-apple-0-original-imafkg25qghgbxmm.jpeg?q=70
76,"APPLE iPhone 12 (Black, 256 GB)",66999,4.6,185821,12681,https://rukminim1.flixcart.com/image/312/312/kg8avm80/mobile/r/h/z/apple-iphone-12-dummyapplefsn-original-imafwg8duby8qbn4.jpeg?q=70
77,"APPLE iPhone 14 Pro (Silver, 128 GB)",122999,4.7,476,43,https://rukminim1.flixcart.com/image/312/312/xif0q/mobile/h/r/e/-original-imaghxeeme2n7hy7.jpeg?q=70
78,"APPLE iPhone 13 Pro Max (Alpine Green, 512 GB)",134999,4.6,1786,174,https://rukminim1.flixcart.com/image/312/312/l0igvww0/mobile/2/g/r/-original-imagca5kqvhuscnv.jpeg?q=70
79,"APPLE iPhone 14 Pro Max (Space Black, 512 GB)",162999,4.7,437,45,https://rukminim1.flixcart.com/image/312/312/xif0q/mobile/9/f/p/-original-imaghxenhnpyhn5u.jpeg?q=70
80,"APPLE iPhone 14 Plus (Midnight, 512 GB)",105999,4.6,461,53,https://rukminim1.flixcart.com/image/312/312/xif0q/mobile/a/b/0/-original-imaghx9qnhzxegu2.jpeg?q=70
81,"APPLE iPhone 12 (Blue, 64 GB)",52999,4.6,185821,12681,https://rukminim1.flixcart.com/image/312/312/kg8avm80/mobile/y/7/n/apple-iphone-12-dummyapplefsn-original-imafwg8dpyjvgg3j.jpeg?q=70
82,"APPLE iPhone 12 (Green, 256 GB)",66999,4.6,185821,12681,https://rukminim1.flixcart.com/image/312/312/kg8avm80/mobile/p/f/w/apple-iphone-12-dummyapplefsn-original-imafwg8dubf3nytw.jpeg?q=70
83,"APPLE iPhone 12 (Purple, 256 GB)",66999,4.6,185821,12681,https://rukminim1.flixcart.com/image/312/312/ko0d6kw0/mobile/6/h/y/iphone-12-mjnm3hn-a-apple-original-imag2k2v6ehvnzfd.jpeg?q=70
84,"APPLE iPhone 12 (Blue, 256 GB)",66999,4.6,185821,12681,https://rukminim1.flixcart.com/image/312/312/kg8avm80/mobile/y/7/n/apple-iphone-12-dummyapplefsn-original-imafwg8dpyjvgg3j.jpeg?q=70
85,"APPLE iPhone 12 mini (White, 128 GB)",43999,4.5,123723,9964,https://rukminim1.flixcart.com/image/312/312/kg8avm80/mobile/d/g/b/apple-iphone-12-mini-dummyapplefsn-original-imafwgbfhx4cfzue.jpeg?q=70
86,"APPLE iPhone 14 Pro (Deep Purple, 1 TB)",172999,4.7,476,43,https://rukminim1.flixcart.com/image/312/312/xif0q/mobile/l/8/r/-original-imaghxemnnnkd8bg.jpeg?q=70
87,"APPLE iPhone 13 ((PRODUCT)RED, 512 GB)",89499,4.7,178951,9838,https://rukminim1.flixcart.com/image/312/312/ktketu80/mobile/a/m/7/iphone-13-mlpj3hn-a-apple-original-imag6vpyk3w4zarg.jpeg?q=70
88,"APPLE iPhone 12 Pro (Gold, 512 GB)",105999,4.5,1246,92,https://rukminim1.flixcart.com/image/312/312/kg8avm80/mobile/s/9/w/apple-iphone-12-pro-dummyapplefsn-original-imafwgbrnpyygbv9.jpeg?q=70
89,"APPLE iPhone 13 mini (Pink, 512 GB)",79990,4.5,3044,265,https://rukminim1.flixcart.com/image/312/312/ktketu80/mobile/u/p/8/iphone-13-mini-mlk23hn-a-apple-original-imag6vp6btm5zacs.jpeg?q=70
90,"APPLE iPhone 13 Pro Max (Graphite, 512 GB)",134999,4.6,1786,174,https://rukminim1.flixcart.com/image/312/312/ktketu80/mobile/3/e/o/iphone-13-pro-max-mll63hn-a-apple-original-imag6vpgwfgxdsj6.jpeg?q=70
91,"APPLE iPhone 13 (Pink, 512 GB)",89499,4.7,178951,9838,https://rukminim1.flixcart.com/image/312/312/ktketu80/mobile/8/z/w/iphone-13-mlph3hn-a-apple-original-imag6vzzhrxgazsg.jpeg?q=70
92,"APPLE iPhone 13 (Starlight, 512 GB)",89499,4.7,178951,9838,https://rukminim1.flixcart.com/image/312/312/ktketu80/mobile/6/n/d/iphone-13-mlpg3hn-a-apple-original-imag6vpyghayhhrh.jpeg?q=70
93,"APPLE iPhone 14 Plus (Blue, 512 GB)",105999,4.6,461,53,https://rukminim1.flixcart.com/image/312/312/xif0q/mobile/c/4/d/-original-imaghx9qygjjg8hz.jpeg?q=70
94,"APPLE iPhone 14 Pro (Space Black, 512 GB)",152999,4.7,476,43,https://rukminim1.flixcart.com/image/312/312/xif0q/mobile/y/l/p/-original-imaghxemc3wtcuhb.jpeg?q=70
95,"APPLE iPhone 14 Pro (Gold, 512 GB)",152999,4.7,476,43,https://rukminim1.flixcart.com/image/312/312/xif0q/mobile/i/h/c/-original-imaghxemmqyahnuj.jpeg?q=70
96,"APPLE iPhone 14 Pro (Silver, 512 GB)",152999,4.7,476,43,https://rukminim1.flixcart.com/image/312/312/xif0q/mobile/h/r/e/-original-imaghxeeme2n7hy7.jpeg?q=70
97,"APPLE iPhone 14 Pro Max (Space Black, 1 TB)",182999,4.7,437,45,https://rukminim1.flixcart.com/image/312/312/xif0q/mobile/9/f/p/-original-imaghxenhnpyhn5u.jpeg?q=70
98,"APPLE iPhone 12 (Red, 256 GB)",66999,4.6,185821,12681,https://rukminim1.flixcart.com/image/312/312/kg8avm80/mobile/q/8/f/apple-iphone-12-dummyapplefsn-original-imafwg8dbzv8vh7t.jpeg?q=70
99,"APPLE iPhone 13 Pro Max (Gold, 1 TB)",155999,4.6,1786,174,https://rukminim1.flixcart.com/image/312/312/ktketu80/mobile/6/v/c/iphone-13-pro-max-mllh3hn-a-apple-original-imag6vpgpycue85h.jpeg?q=70
100,"APPLE iPhone 14 (Blue, 512 GB)",96999,4.6,1125,70,https://rukminim1.flixcart.com/image/312/312/xif0q/mobile/3/5/l/-original-imaghx9qmgqsk9s4.jpeg?q=70
101,"APPLE iPhone 12 (Red, 64 GB)",52999,4.6,185821,12681,https://rukminim1.flixcart.com/image/312/312/kg8avm80/mobile/q/8/f/apple-iphone-12-dummyapplefsn-original-imafwg8dbzv8vh7t.jpeg?q=70
102,"APPLE iPhone 13 Pro Max (Alpine Green, 256 GB)",139900,4.6,1786,174,https://rukminim1.flixcart.com/image/312/312/l0igvww0/mobile/2/g/r/-original-imagca5kqvhuscnv.jpeg?q=70
103,"APPLE iPhone 12 Pro (Gold, 256 GB)",88199,4.5,1246,92,https://rukminim1.flixcart.com/image/312/312/kg8avm80/mobile/s/9/w/apple-iphone-12-pro-dummyapplefsn-original-imafwgbrnpyygbv9.jpeg?q=70
104,"APPLE iPhone 14 Plus (Purple, 512 GB)",105999,4.6,461,53,https://rukminim1.flixcart.com/image/312/312/xif0q/mobile/v/0/t/-original-imaghxa5rgcv5enm.jpeg?q=70
105,"APPLE iPhone 13 Pro (Silver, 1 TB)",144999,4.6,1369,119,https://rukminim1.flixcart.com/image/312/312/ktketu80/mobile/a/e/g/iphone-13-pro-mlvw3hn-a-apple-original-imag6vpcvspnzyfy.jpeg?q=70
106,"APPLE iPhone 12 Pro (Silver, 512 GB)",105999,4.5,1246,92,https://rukminim1.flixcart.com/image/312/312/kg8avm80/mobile/b/v/a/apple-iphone-12-pro-dummyapplefsn-original-imafwgbr45csnczy.jpeg?q=70
107,"APPLE iPhone SE (Red, 64 GB)",28990,4.5,153773,12062,https://rukminim1.flixcart.com/image/312/312/k9loccw0/mobile/6/8/g/apple-iphone-se-mxvv2hn-a-original-imafrcqmfh4zznmq.jpeg?q=70
108,"APPLE iPhone 13 Pro (Gold, 512 GB)",125999,4.6,1369,119,https://rukminim1.flixcart.com/image/312/312/ktketu80/mobile/z/h/v/iphone-13-pro-mlvq3hn-a-apple-original-imag6vpc6mx3zwhz.jpeg?q=70
109,"APPLE iPhone 7 (Black, 32 GB)",31500,4.5,95080,9193,https://rukminim1.flixcart.com/image/312/312/k12go7k0/mobile/7/e/e/apple-iphone-7-mn8x2hn-a-original-imafkqcqhzxuvcpd.jpeg?q=70
110,"APPLE iPhone 14 (Midnight, 512 GB)",96999,4.6,1125,70,https://rukminim1.flixcart.com/image/312/312/xif0q/mobile/9/e/e/-original-imaghx9q5rvcdghy.jpeg?q=70
111,"APPLE iPhone 13 Pro (Sierra Blue, 1 TB)",144999,4.6,1369,119,https://rukminim1.flixcart.com/image/312/312/ktketu80/mobile/e/l/i/iphone-13-pro-mlw03hn-a-apple-original-imag6vpb2kj4dcp5.jpeg?q=70
112,"APPLE iPhone 11 Pro Max (Midnight Green, 64 GB)",90999,4.7,1094,99,https://rukminim1.flixcart.com/image/312/312/k2jbyq80pkrrdj/mobile-refurbished/z/a/f/iphone-11-pro-max-256-u-mwhm2hn-a-apple-0-original-imafkg2ftc5cze5n.jpeg?q=70
113,"APPLE iPhone 13 Pro Max (Silver, 1 TB)",155999,4.6,1786,174,https://rukminim1.flixcart.com/image/312/312/ktketu80/mobile/c/g/4/iphone-13-pro-max-mlll3hn-a-apple-original-imag6vpg3r7dyvhm.jpeg?q=70
114,"APPLE iPhone 13 Pro Max (Silver, 512 GB)",134999,4.6,1786,174,https://rukminim1.flixcart.com/image/312/312/ktketu80/mobile/c/g/4/iphone-13-pro-max-mlll3hn-a-apple-original-imag6vpg3r7dyvhm.jpeg?q=70
115,"APPLE iPhone 14 ((PRODUCT)RED, 512 GB)",96999,4.6,1125,70,https://rukminim1.flixcart.com/image/312/312/xif0q/mobile/r/k/o/-original-imaghx9qtwbnhwvy.jpeg?q=70
116,"APPLE iPhone 13 Pro Max (Alpine Green, 1 TB)",155999,4.6,1786,174,https://rukminim1.flixcart.com/image/312/312/l0igvww0/mobile/2/g/r/-original-imagca5kqvhuscnv.jpeg?q=70
117,"APPLE iPhone 12 (White, 256 GB)",66999,4.6,185821,12681,https://rukminim1.flixcart.com/image/312/312/kg8avm80/mobile/j/f/9/apple-iphone-12-dummyapplefsn-original-imafwg8dkyh2zgrh.jpeg?q=70
118,"APPLE iPhone 13 Pro (Graphite, 256 GB)",129900,4.6,1369,119,https://rukminim1.flixcart.com/image/312/312/ktketu80/mobile/m/t/r/iphone-13-pro-mlvv3hn-a-apple-original-imag6vpb7zg6bnvb.jpeg?q=70
119,"APPLE iPhone 12 Pro (Graphite, 512 GB)",105999,4.5,1246,92,https://rukminim1.flixcart.com/image/312/312/kg8avm80/mobile/u/q/d/apple-iphone-12-pro-dummyapplefsn-original-imafwgbrbzjgug4j.jpeg?q=70
120,"APPLE iPhone 12 mini (Green, 256 GB)",52999,4.5,123723,9964,https://rukminim1.flixcart.com/image/312/312/kg8avm80/mobile/h/v/w/apple-iphone-12-mini-dummyapplefsn-original-imafwgb2zkjcwpre.jpeg?q=70
121,"APPLE iPhone 12 (White, 256 GB)",66999,4.6,185821,12681,https://rukminim1.flixcart.com/image/312/312/kg8avm80/mobile/j/f/9/apple-iphone-12-dummyapplefsn-original-imafwg8dkyh2zgrh.jpeg?q=70
122,"APPLE iPhone 13 Pro (Graphite, 256 GB)",129900,4.6,1369,119,https://rukminim1.flixcart.com/image/312/312/ktketu80/mobile/m/t/r/iphone-13-pro-mlvv3hn-a-apple-original-imag6vpb7zg6bnvb.jpeg?q=70
123,"APPLE iPhone 12 Pro (Graphite, 512 GB)",105999,4.5,1246,92,https://rukminim1.flixcart.com/image/312/312/kg8avm80/mobile/u/q/d/apple-iphone-12-pro-dummyapplefsn-original-imafwgbrbzjgug4j.jpeg?q=70
124,"APPLE iPhone 13 Pro (Gold, 128 GB)",119900,4.6,1369,119,https://rukminim1.flixcart.com/image/312/312/ktketu80/mobile/z/h/v/iphone-13-pro-mlvq3hn-a-apple-original-imag6vpc6mx3zwhz.jpeg?q=70
125,"APPLE iPhone 14 Plus ((PRODUCT)RED, 512 GB)",105999,4.6,461,53,https://rukminim1.flixcart.com/image/312/312/xif0q/mobile/a/h/7/-original-imaghx9qaepzajta.jpeg?q=70
126,"APPLE iPhone 12 Pro (Pacific Blue, 512 GB)",106699,4.5,1246,92,https://rukminim1.flixcart.com/image/312/312/kg8avm80/mobile/u/c/d/apple-iphone-12-pro-dummyapplefsn-original-imafwgbrzxg3nggd.jpeg?q=70
127,"APPLE iPhone 13 Pro Max (Graphite, 1 TB)",155999,4.6,1786,174,https://rukminim1.flixcart.com/image/312/312/ktketu80/mobile/3/e/o/iphone-13-pro-max-mll63hn-a-apple-original-imag6vpgwfgxdsj6.jpeg?q=70
128,"Apple iPhone XR ((PRODUCT)RED, 64 GB) (Includes EarPods, Power Adapter)",36999,4.6,100621,8572,https://rukminim1.flixcart.com/image/312/312/jnj7iq80/mobile/3/f/a/apple-iphone-xr-mry62hn-a-original-imafa6zkhyceh8dg.jpeg?q=70
129,"APPLE iPhone 13 mini (Midnight, 512 GB)",79990,4.5,3044,265,https://rukminim1.flixcart.com/image/312/312/ktketu80/mobile/r/8/l/iphone-13-mini-mlk53hn-a-apple-original-imag6vp693zncyk7.jpeg?q=70
130,"APPLE iPhone 13 Pro Max (Graphite, 256 GB)",139900,4.6,1786,174,https://rukminim1.flixcart.com/image/312/312/ktketu80/mobile/3/e/o/iphone-13-pro-max-mll63hn-a-apple-original-imag6vpgwfgxdsj6.jpeg?q=70
131,"APPLE iPhone 12 Pro (Gold, 128 GB)",78899,4.5,1246,92,https://rukminim1.flixcart.com/image/312/312/kg8avm80/mobile/s/9/w/apple-iphone-12-pro-dummyapplefsn-original-imafwgbrnpyygbv9.jpeg?q=70
132,"APPLE iPhone 13 Pro Max (Sierra Blue, 256 GB)",139900,4.6,1786,174,https://rukminim1.flixcart.com/image/312/312/ktketu80/mobile/r/m/8/iphone-13-pro-max-mllj3hn-a-apple-original-imag6vpgphrzuffg.jpeg?q=70
133,"APPLE iPhone 11 Pro Max (Space Grey, 64 GB)",90999,4.7,1094,99,https://rukminim1.flixcart.com/image/312/312/k2jbyq80pkrrdj/mobile-refurbished/c/u/e/iphone-11-pro-512-u-mwcd2hn-a-apple-0-original-imafkg2fhzhzzh5s.jpeg?q=70
134,"APPLE iPhone XR ((PRODUCT)RED, 64 GB)",36999,4.6,100621,8572,https://rukminim1.flixcart.com/image/312/312/jpbic280/mobile-refurbished/c/2/q/iphone-xr-256-b-mrym2hn-a-apple-0-original-imafbhyybbhddts7.jpeg?q=70
135,"APPLE iPhone 13 Pro (Gold, 1 TB)",144999,4.6,1369,119,https://rukminim1.flixcart.com/image/312/312/ktketu80/mobile/z/h/v/iphone-13-pro-mlvq3hn-a-apple-original-imag6vpc6mx3zwhz.jpeg?q=70
136,"APPLE iPhone 13 Pro (Alpine Green, 1 TB)",144999,4.6,1369,119,https://rukminim1.flixcart.com/image/312/312/l0igvww0/mobile/c/j/j/-original-imagca5hhzsgpycf.jpeg?q=70
137,"APPLE iPhone SE 3rd Gen (Product (Red), 128 GB)",37999,4.3,587,78,https://rukminim1.flixcart.com/image/312/312/l0igvww0/mobile/9/6/t/-original-imagca67gxuvkmrj.jpeg?q=70
138,"APPLE iPhone SE 3rd Gen (Starlight, 256 GB)",46599,4.3,587,78,https://rukminim1.flixcart.com/image/312/312/l0igvww0/mobile/l/h/4/-original-imagca67uzxhrkgd.jpeg?q=70
139,"APPLE iPhone 8 (Space Grey, 256 GB)",77000,4.5,11361,803,https://rukminim1.flixcart.com/image/312/312/j7ksia80/mobile/z/2/s/apple-iphone-8-mq6k2hn-a-original-imaexsbztghyprcg.jpeg?q=70
140,"APPLE iPhone 8 (Gold, 256 GB)",77000,4.5,11361,803,https://rukminim1.flixcart.com/image/312/312/j7ksia80/mobile/2/r/q/apple-iphone-8-mq6m2hn-a-original-imaexsbzyvydzgzw.jpeg?q=70
141,"APPLE iPhone 8 (Silver, 256 GB)",77000,4.5,11361,803,https://rukminim1.flixcart.com/image/312/312/j7ksia80/mobile/m/y/d/apple-iphone-8-mq6l2hn-a-original-imaexsbz8fggz59j.jpeg?q=70
142,"APPLE iPhone 8 Plus (Silver, 64 GB)",49900,4.6,3439,355,https://rukminim1.flixcart.com/image/312/312/j7ksia80/mobile/x/w/z/apple-iphone-8-plus-mq8h2hn-a-original-imaexsfhxjxbupzx.jpeg?q=70
143,"APPLE iPhone 8 (Silver, 64 GB)",39900,4.5,11361,803,https://rukminim1.flixcart.com/image/312/312/j7ksia80/mobile/m/y/d/apple-iphone-8-mq6l2hn-a-original-imaexsbz8fggz59j.jpeg?q=70
144,"APPLE iPhone XS Max (Space Grey, 256 GB)",124900,4.6,1454,147,https://rukminim1.flixcart.com/image/312/312/jm9hfgw0/mobile/f/t/a/apple-iphone-xs-max-mt532hn-a-original-imaf97f6y3spd7yz.jpeg?q=70
145,"APPLE iPhone XS (Space Grey, 512 GB)",134900,4.7,11965,870,https://rukminim1.flixcart.com/image/312/312/jm9hfgw0/mobile/y/4/u/apple-iphone-xs-mt9l2hn-a-original-imaf97f65bqbdycy.jpeg?q=70
146,"APPLE iPhone 14 Pro (Space Black, 1 TB)",172999,4.7,476,43,https://rukminim1.flixcart.com/image/312/312/xif0q/mobile/y/l/p/-original-imaghxemc3wtcuhb.jpeg?q=70
147,"APPLE iPhone 13 Pro Max (Sierra Blue, 512 GB)",134999,4.6,1786,174,https://rukminim1.flixcart.com/image/312/312/ktketu80/mobile/r/m/8/iphone-13-pro-max-mllj3hn-a-apple-original-imag6vpgphrzuffg.jpeg?q=70
148,"APPLE iPhone 13 Pro Max (Sierra Blue, 1 TB)",155999,4.6,1786,174,https://rukminim1.flixcart.com/image/312/312/ktketu80/mobile/r/m/8/iphone-13-pro-max-mllj3hn-a-apple-original-imag6vpgphrzuffg.jpeg?q=70
149,"APPLE iPhone 14 (Purple, 512 GB)",96999,4.6,1125,70,https://rukminim1.flixcart.com/image/312/312/xif0q/mobile/b/u/f/-original-imaghxa5hvapbfds.jpeg?q=70
150,"APPLE iPhone 14 Pro (Gold, 1 TB)",172999,4.7,476,43,https://rukminim1.flixcart.com/image/312/312/xif0q/mobile/i/h/c/-original-imaghxemmqyahnuj.jpeg?q=70
151,"APPLE iPhone 6 (Space Grey, 32 GB)",30780,4.4,145565,16257,https://rukminim1.flixcart.com/image/312/312/j2c6du80/mobile/f/2/j/apple-iphone-6-a1586-original-imaetnf2h6gck78p.jpeg?q=70
152,"APPLE iPhone XS (Gold, 512 GB)",134900,4.7,11965,870,https://rukminim1.flixcart.com/image/312/312/jm9hfgw0/mobile/x/g/f/apple-iphone-xs-mt9k2hn-a-original-imaf97f6hqebeych.jpeg?q=70
153,"Apple iPhone SE (Black, 64 GB) (Includes EarPods, Power Adapter)",28990,4.5,153773,12062,https://rukminim1.flixcart.com/image/312/312/k9loccw0/mobile/p/z/q/apple-iphone-se-mxd02hn-a-original-imafrcpjyscxm8fv.jpeg?q=70
154,"APPLE iPhone 14 (Starlight, 512 GB)",96999,4.6,1125,70,https://rukminim1.flixcart.com/image/312/312/xif0q/mobile/m/o/b/-original-imaghx9qkugtbfrn.jpeg?q=70
155,"APPLE iPhone 13 Pro Max (Gold, 512 GB)",134999,4.6,1786,174,https://rukminim1.flixcart.com/image/312/312/ktketu80/mobile/6/v/c/iphone-13-pro-max-mllh3hn-a-apple-original-imag6vpgpycue85h.jpeg?q=70
156,"APPLE iPhone XS Max (Space Grey, 64 GB)",109900,4.6,1454,147,https://rukminim1.flixcart.com/image/312/312/jm9hfgw0/mobile/f/t/a/apple-iphone-xs-max-mt532hn-a-original-imaf97f6y3spd7yz.jpeg?q=70
157,"APPLE iPhone 8 Plus (Gold, 64 GB)",49900,4.6,3439,355,https://rukminim1.flixcart.com/image/312/312/j7ksia80/mobile/u/z/b/apple-iphone-8-plus-mq8j2hn-a-original-imaexsfmnxjcfc8t.jpeg?q=70
158,"APPLE iPhone 8 Plus (Space Grey, 256 GB)",84900,4.6,3439,355,https://rukminim1.flixcart.com/image/312/312/j7ksia80/mobile/t/4/f/apple-iphone-8-plus-mq8g2hn-a-original-imaexsfhxepbngdq.jpeg?q=70
159,"APPLE iPhone 8 Plus (Silver, 256 GB)",84900,4.6,3439,355,https://rukminim1.flixcart.com/image/312/312/j7ksia80/mobile/x/w/z/apple-iphone-8-plus-mq8h2hn-a-original-imaexsfhxjxbupzx.jpeg?q=70
160,"APPLE iPhone 14 Pro (Silver, 1 TB)",172999,4.7,476,43,https://rukminim1.flixcart.com/image/312/312/xif0q/mobile/h/r/e/-original-imaghxeeme2n7hy7.jpeg?q=70
161,"APPLE iPhone XS Max (Gold, 256 GB)",124900,4.6,1454,147,https://rukminim1.flixcart.com/image/312/312/jm9hfgw0/mobile/e/8/s/apple-iphone-xs-max-mt522hn-a-original-imaf97f6hmng8ufu.jpeg?q=70
162,"APPLE iPhone XR (White, 64 GB)",36999,4.6,100621,8572,https://rukminim1.flixcart.com/image/312/312/k0lbdzk0pkrrdj/mobile/4/8/c/apple-iphone-xr-mryd2hn-a-original-imafbhywqyhvww9c.jpeg?q=70
163,"APPLE iPhone 6 (Space Grey, 16 GB)",52000,4.4,145565,16257,https://rukminim1.flixcart.com/image/312/312/mobile/f/2/j/apple-iphone-6-original-imaeymdqs5gm5xkz.jpeg?q=70
164,"APPLE iPhone 13 Pro (Silver, 512 GB)",125999,4.6,1369,119,https://rukminim1.flixcart.com/image/312/312/ktketu80/mobile/a/e/g/iphone-13-pro-mlvw3hn-a-apple-original-imag6vpcvspnzyfy.jpeg?q=70
165,"APPLE iPhone 13 Pro (Graphite, 1 TB)",144999,4.6,1369,119,https://rukminim1.flixcart.com/image/312/312/ktketu80/mobile/m/t/r/iphone-13-pro-mlvv3hn-a-apple-original-imag6vpb7zg6bnvb.jpeg?q=70
166,"APPLE iPhone 13 Pro (Gold, 1 TB)",144999,4.6,1369,119,https://rukminim1.flixcart.com/image/312/312/ktketu80/mobile/z/h/v/iphone-13-pro-mlvq3hn-a-apple-original-imag6vpc6mx3zwhz.jpeg?q=70
167,"APPLE iPhone 7 (Gold, 32 GB)",31500,4.5,95080,9193,https://rukminim1.flixcart.com/image/312/312/k12go7k0/mobile/e/q/m/apple-iphone-7-mn942hn-a-original-imafkqe8mqaafe4g.jpeg?q=70
168,"APPLE iPhone 11 Pro (Midnight Green, 512 GB)",118199,4.6,8661,630,https://rukminim1.flixcart.com/image/312/312/k2jbyq80pkrrdj/mobile-refurbished/z/a/f/iphone-11-pro-max-256-u-mwhm2hn-a-apple-0-original-imafkg2ftc5cze5n.jpeg?q=70
169,"APPLE iPhone 14 Plus (Starlight, 128 GB)",75999,4.6,461,53,https://rukminim1.flixcart.com/image/312/312/xif0q/mobile/l/v/8/-original-imaghx9qudmydgc4.jpeg?q=70
170,"APPLE iPhone 12 mini (Black, 64 GB)",38999,4.5,123723,9964,https://rukminim1.flixcart.com/image/312/312/kg8avm80/mobile/n/p/d/apple-iphone-12-mini-dummyapplefsn-original-imafwgbfwkfrerak.jpeg?q=70
171,"APPLE iPhone 12 Pro (Graphite, 256 GB)",88199,4.5,1246,92,https://rukminim1.flixcart.com/image/312/312/kg8avm80/mobile/u/q/d/apple-iphone-12-pro-dummyapplefsn-original-imafwgbrbzjgug4j.jpeg?q=70
172,"APPLE iPhone 14 Pro Max (Deep Purple, 256 GB)",142999,4.7,437,45,https://rukminim1.flixcart.com/image/312/312/xif0q/mobile/6/x/j/-original-imaghxejqvpwfqh2.jpeg?q=70
173,"APPLE iPhone SE (Red, 128 GB)",32990,4.5,153773,12062,https://rukminim1.flixcart.com/image/312/312/k9loccw0/mobile/6/8/g/apple-iphone-se-mxvv2hn-a-original-imafrcqmfh4zznmq.jpeg?q=70
174,"APPLE iPhone 11 (Yellow, 128 GB)",45999,4.6,177344,10540,https://rukminim1.flixcart.com/image/312/312/k2jbyq80pkrrdj/mobile-refurbished/y/y/z/iphone-11-64-a-mwlw2hn-a-apple-0-original-imafkg25qghgbxmm.jpeg?q=70
175,"APPLE iPhone 12 mini (Purple, 256 GB)",52999,4.5,123723,9964,https://rukminim1.flixcart.com/image/312/312/ko0d6kw0/mobile/d/h/5/iphone-12-mini-mjqh3hn-a-apple-original-imag2k2xuuyfyusd.jpeg?q=70
176,"APPLE iPhone 13 mini (Midnight, 128 GB)",58990,4.5,3044,265,https://rukminim1.flixcart.com/image/312/312/ktketu80/mobile/r/8/l/iphone-13-mini-mlk53hn-a-apple-original-imag6vp693zncyk7.jpeg?q=70
177,"APPLE iPhone 13 mini (Blue, 128 GB)",58990,4.5,3044,265,https://rukminim1.flixcart.com/image/312/312/ktketu80/mobile/a/i/l/iphone-13-mini-mlk93hn-a-apple-original-imag6vp6x67yypzk.jpeg?q=70
178,"APPLE iPhone 11 (Green, 128 GB)",45999,4.6,177344,10540,https://rukminim1.flixcart.com/image/312/312/k2jbyq80pkrrdj/mobile-refurbished/u/z/t/iphone-11-256-c-mwmd2hn-a-apple-0-original-imafkg24wszdhzy3.jpeg?q=70
179,"APPLE iPhone 12 mini (Blue, 128 GB)",43999,4.5,123723,9964,https://rukminim1.flixcart.com/image/312/312/kg8avm80/mobile/s/h/f/apple-iphone-12-mini-dummyapplefsn-original-imafwgbfukehtnxv.jpeg?q=70
180,"APPLE iPhone 13 Pro (Graphite, 512 GB)",125999,4.6,1369,119,https://rukminim1.flixcart.com/image/312/312/ktketu80/mobile/m/t/r/iphone-13-pro-mlvv3hn-a-apple-original-imag6vpb7zg6bnvb.jpeg?q=70
181,"APPLE iPhone 12 mini (White, 256 GB)",52999,4.5,123723,9964,https://rukminim1.flixcart.com/image/312/312/kg8avm80/mobile/d/g/b/apple-iphone-12-mini-dummyapplefsn-original-imafwgbfhx4cfzue.jpeg?q=70
182,"APPLE iPhone 14 Pro Max (Space Black, 1 TB)",182999,4.7,437,45,https://rukminim1.flixcart.com/image/312/312/xif0q/mobile/9/f/p/-original-imaghxenhnpyhn5u.jpeg?q=70
183,"APPLE iPhone 12 mini (Green, 64 GB)",38999,4.5,123723,9964,https://rukminim1.flixcart.com/image/312/312/kg8avm80/mobile/h/v/w/apple-iphone-12-mini-dummyapplefsn-original-imafwgb2zkjcwpre.jpeg?q=70
184,"APPLE iPhone SE (White, 256 GB)",40990,4.5,153773,12062,https://rukminim1.flixcart.com/image/312/312/k9loccw0/mobile/6/b/z/apple-iphone-se-mxd12hn-a-original-imafrcqf9nze6evk.jpeg?q=70
185,"APPLE iPhone 14 Pro (Space Black, 256 GB)",132999,4.7,476,43,https://rukminim1.flixcart.com/image/312/312/xif0q/mobile/y/l/p/-original-imaghxemc3wtcuhb.jpeg?q=70
186,"APPLE iPhone 14 Pro (Silver, 256 GB)",132999,4.7,476,43,https://rukminim1.flixcart.com/image/312/312/xif0q/mobile/h/r/e/-original-imaghxeeme2n7hy7.jpeg?q=70
187,"APPLE iPhone 14 Pro (Gold, 256 GB)",132999,4.7,476,43,https://rukminim1.flixcart.com/image/312/312/xif0q/mobile/i/h/c/-original-imaghxemmqyahnuj.jpeg?q=70
188,"APPLE iPhone SE (White, 64 GB)",28990,4.5,153773,12062,https://rukminim1.flixcart.com/image/312/312/k9loccw0/mobile/6/b/z/apple-iphone-se-mxd12hn-a-original-imafrcqf9nze6evk.jpeg?q=70
189,"APPLE iPhone 13 mini ((PRODUCT)RED, 256 GB)",68990,4.5,3044,265,https://rukminim1.flixcart.com/image/312/312/ktketu80/mobile/i/q/p/iphone-13-mini-mlke3hn-a-apple-original-imag6vp6abdxzuh8.jpeg?q=70
190,"APPLE iPhone 14 Pro (Deep Purple, 512 GB)",152999,4.7,476,43,https://rukminim1.flixcart.com/image/312/312/xif0q/mobile/l/8/r/-original-imaghxemnnnkd8bg.jpeg?q=70
191,"APPLE iPhone 13 mini (Green, 128 GB)",58990,4.5,3044,265,https://rukminim1.flixcart.com/image/312/312/l0igvww0/mobile/y/j/1/-original-imagca5ge9yrbrzq.jpeg?q=70
192,"APPLE iPhone 13 Pro (Alpine Green, 128 GB)",119900,4.6,1369,119,https://rukminim1.flixcart.com/image/312/312/l0igvww0/mobile/c/j/j/-original-imagca5hhzsgpycf.jpeg?q=70
193,"APPLE iPhone 12 Pro (Silver, 256 GB)",88199,4.5,1246,92,https://rukminim1.flixcart.com/image/312/312/kg8avm80/mobile/b/v/a/apple-iphone-12-pro-dummyapplefsn-original-imafwgbr45csnczy.jpeg?q=70
194,"APPLE iPhone 13 (Green, 256 GB)",69499,4.7,178951,9838,https://rukminim1.flixcart.com/image/312/312/l0igvww0/mobile/r/q/m/-original-imagca5ajerqpfjy.jpeg?q=70
195,"APPLE iPhone 13 Pro Max (Gold, 256 GB)",139900,4.6,1786,174,https://rukminim1.flixcart.com/image/312/312/ktketu80/mobile/6/v/c/iphone-13-pro-max-mllh3hn-a-apple-original-imag6vpgpycue85h.jpeg?q=70
196,"APPLE iPhone 13 mini ((PRODUCT)RED, 128 GB)",58990,4.5,3044,265,https://rukminim1.flixcart.com/image/312/312/ktketu80/mobile/i/q/p/iphone-13-mini-mlke3hn-a-apple-original-imag6vp6abdxzuh8.jpeg?q=70
197,"APPLE iPhone 13 Pro (Sierra Blue, 512 GB)",125999,4.6,1369,119,https://rukminim1.flixcart.com/image/312/312/ktketu80/mobile/e/l/i/iphone-13-pro-mlw03hn-a-apple-original-imag6vpb2kj4dcp5.jpeg?q=70
198,"APPLE iPhone 12 mini (Green, 256 GB)",52999,4.5,123723,9964,https://rukminim1.flixcart.com/image/312/312/kg8avm80/mobile/h/v/w/apple-iphone-12-mini-dummyapplefsn-original-imafwgb2zkjcwpre.jpeg?q=70
199,"APPLE iPhone SE (Black, 64 GB)",28990,4.5,153773,12062,https://rukminim1.flixcart.com/image/312/312/k9loccw0/mobile/p/z/q/apple-iphone-se-mxd02hn-a-original-imafrcpjyscxm8fv.jpeg?q=70
200,"APPLE iPhone 14 Pro Max (Deep Purple, 1 TB)",182999,4.7,437,45,https://rukminim1.flixcart.com/image/312/312/xif0q/mobile/6/x/j/-original-imaghxejqvpwfqh2.jpeg?q=70
201,"APPLE iPhone 6s (Space Grey, 32 GB)",29990,4.5,93045,9243,https://rukminim1.flixcart.com/image/312/312/j7qi9ow0/mobile/6/t/q/apple-iphone-6s-mn0w2hn-a-original-imaexw6smfzjgqsz.jpeg?q=70
202,"APPLE iPhone 13 mini (Starlight, 128 GB)",58990,4.5,3044,265,https://rukminim1.flixcart.com/image/312/312/ktketu80/mobile/a/j/u/iphone-13-mini-mlkc3hn-a-apple-original-imag6vp6swvmsbnn.jpeg?q=70
203,"Apple iPhone SE (White, 128 GB) (Includes EarPods, Power Adapter)",32990,4.5,153773,12062,https://rukminim1.flixcart.com/image/312/312/k9loccw0/mobile/6/b/z/apple-iphone-se-mxd12hn-a-original-imafrcqf9nze6evk.jpeg?q=70
204,"APPLE iPhone 14 Pro Max (Gold, 1 TB)",182999,4.7,437,45,https://rukminim1.flixcart.com/image/312/312/xif0q/mobile/k/u/6/-original-imaghxen343tbjgj.jpeg?q=70
205,"APPLE iPhone 13 Pro (Silver, 128 GB)",119900,4.6,1369,119,https://rukminim1.flixcart.com/image/312/312/ktketu80/mobile/a/e/g/iphone-13-pro-mlvw3hn-a-apple-original-imag6vpcvspnzyfy.jpeg?q=70
206,"APPLE iPhone 12 mini (Purple, 64 GB)",38999,4.5,123723,9964,https://rukminim1.flixcart.com/image/312/312/ko0d6kw0/mobile/d/h/5/iphone-12-mini-mjqh3hn-a-apple-original-imag2k2xuuyfyusd.jpeg?q=70
207,"APPLE iPhone 6s (Silver, 32 GB)",29990,4.5,93045,9243,https://rukminim1.flixcart.com/image/312/312/j7qi9ow0/mobile/h/f/t/apple-iphone-6s-mn0x2hn-a-original-imaexw7fpbbfwwtw.jpeg?q=70
208,"Apple iPhone SE (White, 256 GB) (Includes EarPods, Power Adapter)",40990,4.5,153773,12062,https://rukminim1.flixcart.com/image/312/312/k9loccw0/mobile/6/b/z/apple-iphone-se-mxd12hn-a-original-imafrcqf9nze6evk.jpeg?q=70
209,"APPLE iPhone 12 mini (Red, 64 GB)",38999,4.5,123723,9964,https://rukminim1.flixcart.com/image/312/312/kg8avm80/mobile/n/2/u/apple-iphone-12-mini-dummyapplefsn-original-imafwgbfxuhswfgj.jpeg?q=70
210,"APPLE iPhone 13 Pro Max (Graphite, 128 GB)",129900,4.6,1786,174,https://rukminim1.flixcart.com/image/312/312/ktketu80/mobile/3/e/o/iphone-13-pro-max-mll63hn-a-apple-original-imag6vpgwfgxdsj6.jpeg?q=70
211,"APPLE iPhone 12 mini (Green, 128 GB)",43999,4.5,123723,9964,https://rukminim1.flixcart.com/image/312/312/kg8avm80/mobile/h/v/w/apple-iphone-12-mini-dummyapplefsn-original-imafwgb2zkjcwpre.jpeg?q=70
212,"APPLE iPhone SE 3rd Gen (Midnight, 128 GB)",37999,4.3,587,78,https://rukminim1.flixcart.com/image/312/312/l0igvww0/mobile/9/y/q/-original-imagca67yxswgwqq.jpeg?q=70
213,"APPLE iPhone SE 3rd Gen (Product (Red), 64 GB)",32699,4.3,587,78,https://rukminim1.flixcart.com/image/312/312/l0igvww0/mobile/9/6/t/-original-imagca67gxuvkmrj.jpeg?q=70
214,"APPLE iPhone 12 mini (Red, 128 GB)",43999,4.5,123723,9964,https://rukminim1.flixcart.com/image/312/312/kg8avm80/mobile/n/2/u/apple-iphone-12-mini-dummyapplefsn-original-imafwgbfxuhswfgj.jpeg?q=70
215,"APPLE iPhone SE 3rd Gen (Starlight, 128 GB)",37999,4.3,587,78,https://rukminim1.flixcart.com/image/312/312/l0igvww0/mobile/l/h/4/-original-imagca67uzxhrkgd.jpeg?q=70
216,"APPLE iPhone 13 mini (Pink, 128 GB)",58990,4.5,3044,265,https://rukminim1.flixcart.com/image/312/312/ktketu80/mobile/u/p/8/iphone-13-mini-mlk23hn-a-apple-original-imag6vp6btm5zacs.jpeg?q=70
217,"APPLE iPhone 12 Pro (Silver, 128 GB)",77999,4.5,1246,92,https://rukminim1.flixcart.com/image/312/312/kg8avm80/mobile/b/v/a/apple-iphone-12-pro-dummyapplefsn-original-imafwgbr45csnczy.jpeg?q=70
218,"APPLE iPhone 12 Pro (Pacific Blue, 256 GB)",88199,4.5,1246,92,https://rukminim1.flixcart.com/image/312/312/kg8avm80/mobile/u/c/d/apple-iphone-12-pro-dummyapplefsn-original-imafwgbrzxg3nggd.jpeg?q=70
219,"APPLE iPhone 13 Pro (Graphite, 128 GB)",119900,4.6,1369,119,https://rukminim1.flixcart.com/image/312/312/ktketu80/mobile/m/t/r/iphone-13-pro-mlvv3hn-a-apple-original-imag6vpb7zg6bnvb.jpeg?q=70
220,"APPLE iPhone 6s (Gold, 32 GB)",29990,4.5,93045,9243,https://rukminim1.flixcart.com/image/312/312/j7qi9ow0/mobile/y/x/g/apple-iphone-6s-mn112hn-a-original-imaexw6szu6xhzgr.jpeg?q=70
221,"Apple iPhone SE (White, 64 GB) (Includes EarPods, Power Adapter)",28990,4.5,153773,12062,https://rukminim1.flixcart.com/image/312/312/k9loccw0/mobile/6/b/z/apple-iphone-se-mxd12hn-a-original-imafrcqf9nze6evk.jpeg?q=70
222,"Apple iPhone SE (Red, 64 GB) (Includes EarPods, Power Adapter)",28990,4.5,153773,12062,https://rukminim1.flixcart.com/image/312/312/k9loccw0/mobile/6/8/g/apple-iphone-se-mxvv2hn-a-original-imafrcqmfh4zznmq.jpeg?q=70
223,"APPLE iPhone 13 mini (Midnight, 256 GB)",68990,4.5,3044,265,https://rukminim1.flixcart.com/image/312/312/ktketu80/mobile/r/8/l/iphone-13-mini-mlk53hn-a-apple-original-imag6vp693zncyk7.jpeg?q=70
224,"Apple iPhone XR (Black, 256 GB) (Includes EarPods, Power Adapter)",91900,4.6,100621,8572,https://rukminim1.flixcart.com/image/312/312/jnj7iq80/mobile/u/b/g/apple-iphone-xr-mryj2hn-a-original-imafa6zkm7qhv2zd.jpeg?q=70
225,"APPLE iPhone 11 Pro Max (Gold, 64 GB)",90999,4.7,1094,99,https://rukminim1.flixcart.com/image/312/312/k2jbyq80pkrrdj/mobile-refurbished/e/b/u/iphone-11-pro-max-64-a-mwhg2hn-a-apple-0-original-imafkg2fg3evmhuy.jpeg?q=70
226,"APPLE iPhone 13 mini (Starlight, 512 GB)",79990,4.5,3044,265,https://rukminim1.flixcart.com/image/312/312/ktketu80/mobile/a/j/u/iphone-13-mini-mlkc3hn-a-apple-original-imag6vp6swvmsbnn.jpeg?q=70
227,"APPLE iPhone XS Max (Space Grey, 512 GB)",144900,4.6,1454,147,https://rukminim1.flixcart.com/image/312/312/jm9hfgw0/mobile/f/t/a/apple-iphone-xs-max-mt532hn-a-original-imaf97f6y3spd7yz.jpeg?q=70
228,"APPLE iPhone 13 mini (Blue, 256 GB)",68990,4.5,3044,265,https://rukminim1.flixcart.com/image/312/312/ktketu80/mobile/a/i/l/iphone-13-mini-mlk93hn-a-apple-original-imag6vp6x67yypzk.jpeg?q=70
229,"APPLE iPhone 6s (Rose Gold, 32 GB)",29990,4.5,93045,9243,https://rukminim1.flixcart.com/image/312/312/j7qi9ow0/mobile/g/m/8/apple-iphone-6s-mn122hn-a-original-imaexwzqve7rd7cg.jpeg?q=70
230,"APPLE iPhone 13 mini (Pink, 256 GB)",68990,4.5,3044,265,https://rukminim1.flixcart.com/image/312/312/ktketu80/mobile/u/p/8/iphone-13-mini-mlk23hn-a-apple-original-imag6vp6btm5zacs.jpeg?q=70
231,"APPLE iPhone 7 (Silver, 32 GB)",31500,4.5,95080,9193,https://rukminim1.flixcart.com/image/312/312/k12go7k0/mobile/b/h/n/apple-iphone-7-mn932hn-a-original-imafkqe89uazqfa3.jpeg?q=70
232,"APPLE iPhone XR (Black, 64 GB)",36999,4.6,100621,8572,https://rukminim1.flixcart.com/image/312/312/k0lbdzk0pkrrdj/mobile/s/p/d/apple-iphone-xr-mry42hn-a-original-imafbhyxurw8y7zg.jpeg?q=70
233,"APPLE iPhone SE (White, 128 GB)",32990,4.5,153773,12062,https://rukminim1.flixcart.com/image/312/312/k9loccw0/mobile/6/b/z/apple-iphone-se-mxd12hn-a-original-imafrcqf9nze6evk.jpeg?q=70
234,"APPLE iPhone 13 Pro (Sierra Blue, 256 GB)",129900,4.6,1369,119,https://rukminim1.flixcart.com/image/312/312/ktketu80/mobile/e/l/i/iphone-13-pro-mlw03hn-a-apple-original-imag6vpb2kj4dcp5.jpeg?q=70
235,"APPLE iPhone 13 Pro (Silver, 256 GB)",129900,4.6,1369,119,https://rukminim1.flixcart.com/image/312/312/ktketu80/mobile/a/e/g/iphone-13-pro-mlvw3hn-a-apple-original-imag6vpcvspnzyfy.jpeg?q=70
236,"APPLE iPhone XS Max (Gold, 512 GB)",144900,4.6,1454,147,https://rukminim1.flixcart.com/image/312/312/jm9hfgw0/mobile/e/8/s/apple-iphone-xs-max-mt522hn-a-original-imaf97f6hmng8ufu.jpeg?q=70
237,"APPLE iPhone SE (Black, 128 GB)",32990,4.5,153773,12062,https://rukminim1.flixcart.com/image/312/312/k9loccw0/mobile/p/z/q/apple-iphone-se-mxd02hn-a-original-imafrcpjyscxm8fv.jpeg?q=70
238,"APPLE iPhone 13 Pro Max (Silver, 256 GB)",139900,4.6,1786,174,https://rukminim1.flixcart.com/image/312/312/ktketu80/mobile/c/g/4/iphone-13-pro-max-mlll3hn-a-apple-original-imag6vpg3r7dyvhm.jpeg?q=70
239,"APPLE iPhone 13 Pro Max (Silver, 128 GB)",129900,4.6,1786,174,https://rukminim1.flixcart.com/image/312/312/ktketu80/mobile/c/g/4/iphone-13-pro-max-mlll3hn-a-apple-original-imag6vpg3r7dyvhm.jpeg?q=70
240,"APPLE iPhone 7 (Jet Black, 32 GB)",31500,4.5,95080,9193,https://rukminim1.flixcart.com/image/312/312/j9d3bm80/mobile/8/k/x/apple-iphone-7-mqtx2hn-a-original-imaeyyuygs9rzmty.jpeg?q=70
241,"APPLE iPhone 6s Plus (Gold, 128 GB)",92000,4.4,18831,2379,https://rukminim1.flixcart.com/image/312/312/mobile/d/z/u/apple-iphone-6s-plus-na-original-imaebynhzvw7dmje.jpeg?q=70
242,"APPLE iPhone 12 Pro Max (Silver, 512 GB)",123299,4.5,1261,102,https://rukminim1.flixcart.com/image/312/312/kg8avm80/mobile/g/z/c/apple-iphone-12-pro-max-dummyapplefsn-original-imafwgcyyemh9hbg.jpeg?q=70
243,"APPLE iPhone 13 Pro (Alpine Green, 256 GB)",129900,4.6,1369,119,https://rukminim1.flixcart.com/image/312/312/l0igvww0/mobile/c/j/j/-original-imagca5hhzsgpycf.jpeg?q=70
244,"APPLE iPhone 7 (Rose Gold, 32 GB)",31500,4.5,95080,9193,https://rukminim1.flixcart.com/image/312/312/k12go7k0/mobile/e/y/z/apple-iphone-7-mn952hn-a-original-imafkqe8ptsnpd6m.jpeg?q=70
245,"APPLE iPhone 6s (Silver, 64 GB)",49999,4.5,93045,9243,https://rukminim1.flixcart.com/image/312/312/mobile/p/m/q/apple-iphone-6s-na-original-imaeby74sbfkswux.jpeg?q=70
246,"Apple iPhone XR ((PRODUCT)RED, 128 GB) (Includes EarPods, Power Adapter)",41699,4.6,100621,8572,https://rukminim1.flixcart.com/image/312/312/jnj7iq80/mobile/3/f/a/apple-iphone-xr-mry62hn-a-original-imafa6zkhyceh8dg.jpeg?q=70
247,"APPLE iPhone 13 Pro (Sierra Blue, 128 GB)",119900,4.6,1369,119,https://rukminim1.flixcart.com/image/312/312/ktketu80/mobile/e/l/i/iphone-13-pro-mlw03hn-a-apple-original-imag6vpb2kj4dcp5.jpeg?q=70
248,"Apple iPhone XR (Blue, 64 GB) (Includes EarPods, Power Adapter)",36999,4.6,100621,8572,https://rukminim1.flixcart.com/image/312/312/jnj7iq80/mobile/r/k/h/apple-iphone-xr-mrya2hn-a-original-imafa6zkgrdrpuby.jpeg?q=70
249,"APPLE iPhone 11 Pro Max (Silver, 256 GB)",131900,4.7,1094,99,https://rukminim1.flixcart.com/image/312/312/k2jbyq80pkrrdj/mobile-refurbished/k/6/h/iphone-11-pro-max-64-b-mwhf2hn-a-apple-0-original-imafkg2ftqfvr9sf.jpeg?q=70
250,"APPLE iPhone SE 3rd Gen (Starlight, 64 GB)",32699,4.3,587,78,https://rukminim1.flixcart.com/image/312/312/l0igvww0/mobile/l/h/4/-original-imagca67uzxhrkgd.jpeg?q=70
251,"APPLE iPhone 11 Pro Max (Silver, 64 GB)",90999,4.7,1094,99,https://rukminim1.flixcart.com/image/312/312/k2jbyq80pkrrdj/mobile-refurbished/k/6/h/iphone-11-pro-max-64-b-mwhf2hn-a-apple-0-original-imafkg2ftqfvr9sf.jpeg?q=70
252,"APPLE iPhone XR ((PRODUCT)RED, 128 GB)",41699,4.6,100621,8572,https://rukminim1.flixcart.com/image/312/312/jpbic280/mobile-refurbished/c/2/q/iphone-xr-256-b-mrym2hn-a-apple-0-original-imafbhyybbhddts7.jpeg?q=70
253,"APPLE iPhone 12 Pro Max (Gold, 128 GB)",95599,4.5,1261,102,https://rukminim1.flixcart.com/image/312/312/kg8avm80/mobile/g/n/w/apple-iphone-12-pro-max-dummyapplefsn-original-imafwgcyauknkgwh.jpeg?q=70
254,"APPLE iPhone 12 Pro Max (Graphite, 128 GB)",95599,4.5,1261,102,https://rukminim1.flixcart.com/image/312/312/kg8avm80/mobile/5/z/w/apple-iphone-12-pro-max-dummyapplefsn-original-imafwgcy7ugz3y2z.jpeg?q=70
255,"APPLE iPhone 7 Plus (Black, 32 GB)",37900,4.5,29799,2997,https://rukminim1.flixcart.com/image/312/312/k13w4280/mobile/h/q/h/apple-iphone-7-plus-mn4w2hn-a-original-imafkqfhzxgedrcu.jpeg?q=70
256,"APPLE iPhone 12 Pro Max (Gold, 512 GB)",123299,4.5,1261,102,https://rukminim1.flixcart.com/image/312/312/kg8avm80/mobile/g/n/w/apple-iphone-12-pro-max-dummyapplefsn-original-imafwgcyauknkgwh.jpeg?q=70
257,"APPLE iPhone 11 Pro (Midnight Green, 64 GB)",87099,4.6,8661,630,https://rukminim1.flixcart.com/image/312/312/k2jbyq80pkrrdj/mobile-refurbished/z/a/f/iphone-11-pro-max-256-u-mwhm2hn-a-apple-0-original-imafkg2ftc5cze5n.jpeg?q=70
258,"Apple iPhone XR (Black, 128 GB) (Includes EarPods, Power Adapter)",41699,4.6,100621,8572,https://rukminim1.flixcart.com/image/312/312/jnj7iq80/mobile/u/b/g/apple-iphone-xr-mryj2hn-a-original-imafa6zkm7qhv2zd.jpeg?q=70
259,"APPLE iPhone 11 Pro Max (Space Grey, 512 GB)",150800,4.7,1094,99,https://rukminim1.flixcart.com/image/312/312/k2jbyq80pkrrdj/mobile-refurbished/c/u/e/iphone-11-pro-512-u-mwcd2hn-a-apple-0-original-imafkg2fhzhzzh5s.jpeg?q=70
260,"APPLE iPhone 11 Pro (Gold, 64 GB)",87099,4.6,8661,630,https://rukminim1.flixcart.com/image/312/312/k2jbyq80pkrrdj/mobile-refurbished/e/b/u/iphone-11-pro-max-64-a-mwhg2hn-a-apple-0-original-imafkg2fg3evmhuy.jpeg?q=70
261,"APPLE iPhone 11 Pro (Space Grey, 256 GB)",100699,4.6,8661,630,https://rukminim1.flixcart.com/image/312/312/k2jbyq80pkrrdj/mobile-refurbished/c/u/e/iphone-11-pro-512-u-mwcd2hn-a-apple-0-original-imafkg2fhzhzzh5s.jpeg?q=70
262,"APPLE iPhone 12 Pro (Graphite, 128 GB)",78899,4.5,1246,92,https://rukminim1.flixcart.com/image/312/312/kg8avm80/mobile/u/q/d/apple-iphone-12-pro-dummyapplefsn-original-imafwgbrbzjgug4j.jpeg?q=70
263,"APPLE iPhone 5s (Gold, 16 GB)",14999,4.4,62719,7352,https://rukminim1.flixcart.com/image/312/312/j1dvte80/mobile/p/a/t/apple-iphone-5s-a1530-original-imae2fhpc35bftft.jpeg?q=70
264,"APPLE iPhone 11 Pro Max (Midnight Green, 512 GB)",150800,4.7,1094,99,https://rukminim1.flixcart.com/image/312/312/k2jbyq80pkrrdj/mobile-refurbished/z/a/f/iphone-11-pro-max-256-u-mwhm2hn-a-apple-0-original-imafkg2ftc5cze5n.jpeg?q=70
265,"APPLE iPhone 13 mini (Green, 256 GB)",68990,4.5,3044,265,https://rukminim1.flixcart.com/image/312/312/l0igvww0/mobile/y/j/1/-original-imagca5ge9yrbrzq.jpeg?q=70
266,"Apple iPhone XR (Yellow, 128 GB) (Includes EarPods, Power Adapter)",52900,4.6,100621,8572,https://rukminim1.flixcart.com/image/312/312/jnj7iq80/mobile/u/x/j/apple-iphone-xr-mryf2hn-a-original-imafa6zkjfkwymuz.jpeg?q=70
267,"APPLE IPhone 4 (White, 8 GB)",13999,4.1,1091,184,https://rukminim1.flixcart.com/image/312/312/mobile/w/f/w/apple-iphone-4-original-imadknfxsajxzxwt.jpeg?q=70
268,"APPLE iPhone 12 Pro Max (Pacific Blue, 256 GB)",104799,4.5,1261,102,https://rukminim1.flixcart.com/image/312/312/kg8avm80/mobile/c/v/t/apple-iphone-12-pro-max-dummyapplefsn-original-imafwgcyhmzhaapd.jpeg?q=70
269,"APPLE iPhone 13 Pro Max (Sierra Blue, 128 GB)",129900,4.6,1786,174,https://rukminim1.flixcart.com/image/312/312/ktketu80/mobile/r/m/8/iphone-13-pro-max-mllj3hn-a-apple-original-imag6vpgphrzuffg.jpeg?q=70
270,"APPLE iPhone 6s Plus (Rose Gold, 32 GB)",34900,4.4,18831,2379,https://rukminim1.flixcart.com/image/312/312/j7qi9ow0/mobile/m/p/f/apple-iphone-6s-plus-mn2y2hn-a-original-imaexvxumpk95wdy.jpeg?q=70
271,"APPLE iPhone 7 (Red, 128 GB)",34900,4.5,95080,9193,https://rukminim1.flixcart.com/image/312/312/j1b0xow0/mobile/y/g/9/apple-iphone-7-mn4v2hn-a-original-imaeswuk7mw2zycy.jpeg?q=70
272,"APPLE iPhone SE (Red, 256 GB)",40990,4.5,153773,12062,https://rukminim1.flixcart.com/image/312/312/k9loccw0/mobile/6/8/g/apple-iphone-se-mxvv2hn-a-original-imafrcqmfh4zznmq.jpeg?q=70
273,"APPLE iPhone 7 (Black, 256 GB)",74400,4.5,95080,9193,https://rukminim1.flixcart.com/image/312/312/k12go7k0/mobile/7/e/e/apple-iphone-7-mn8x2hn-a-original-imafkqcqhzxuvcpd.jpeg?q=70
274,"APPLE iPhone 6 (Gold, 32 GB)",30780,4.4,145565,16257,https://rukminim1.flixcart.com/image/312/312/j6mhxu80/mobile/7/n/z/apple-iphone-6-mq3e2hn-a-original-imaexfzbdzgctzrv.jpeg?q=70
275,"APPLE iPhone 5C (White, 32 GB)",53500,3.9,1326,265,https://rukminim1.flixcart.com/image/312/312/mobile/e/s/z/apple-iphone-5c-original-imadpnhysry8ecaj.jpeg?q=70
276,"APPLE iPhone 5C (Blue, 8 GB)",14999,3.9,1326,265,https://rukminim1.flixcart.com/image/312/312/kmjhw280pkrrdj/mobile-refurbished/h/6/q/iphone-5c-32-a-na-apple-original-imadwyy4bg2n9ewn.jpeg?q=70
277,"Apple iPhone SE (Black, 256 GB) (Includes EarPods, Power Adapter)",40990,4.5,153773,12062,https://rukminim1.flixcart.com/image/312/312/k9loccw0/mobile/p/z/q/apple-iphone-se-mxd02hn-a-original-imafrcpjyscxm8fv.jpeg?q=70
278,"APPLE iPhone 5C (White, 8 GB)",14999,3.9,1326,265,https://rukminim1.flixcart.com/image/312/312/kn3i1zk0pkrrdj/mobile-refurbished/j/e/c/iphone-5c-16-c-a1529-apple-original-imadwyy4ygz3krgw.jpeg?q=70
279,"APPLE iPhone 11 Pro Max (Silver, 512 GB)",150800,4.7,1094,99,https://rukminim1.flixcart.com/image/312/312/k2jbyq80pkrrdj/mobile-refurbished/k/6/h/iphone-11-pro-max-64-b-mwhf2hn-a-apple-0-original-imafkg2ftqfvr9sf.jpeg?q=70
280,"Apple iPhone SE (Black, 128 GB) (Includes EarPods, Power Adapter)",32990,4.5,153773,12062,https://rukminim1.flixcart.com/image/312/312/k9loccw0/mobile/p/z/q/apple-iphone-se-mxd02hn-a-original-imafrcpjyscxm8fv.jpeg?q=70
281,"APPLE iPhone 11 Pro Max (Space Grey, 256 GB)",131900,4.7,1094,99,https://rukminim1.flixcart.com/image/312/312/k2jbyq80pkrrdj/mobile-refurbished/c/u/e/iphone-11-pro-512-u-mwcd2hn-a-apple-0-original-imafkg2fhzhzzh5s.jpeg?q=70
282,"Apple iPhone XR (Coral, 256 GB) (Includes EarPods, Power Adapter)",91900,4.6,100621,8572,https://rukminim1.flixcart.com/image/312/312/jnj7iq80/mobile/u/a/p/apple-iphone-xr-mryg2hn-a-original-imafa6zkzyntrt3t.jpeg?q=70
283,"APPLE iPhone 11 Pro (Gold, 256 GB)",121300,4.6,8661,630,https://rukminim1.flixcart.com/image/312/312/k2jbyq80pkrrdj/mobile-refurbished/e/b/u/iphone-11-pro-max-64-a-mwhg2hn-a-apple-0-original-imafkg2fg3evmhuy.jpeg?q=70
284,"Apple iPhone XR (Coral, 64 GB) (Includes EarPods, Power Adapter)",36999,4.6,100621,8572,https://rukminim1.flixcart.com/image/312/312/jnj7iq80/mobile/u/a/p/apple-iphone-xr-mryg2hn-a-original-imafa6zkzyntrt3t.jpeg?q=70
285,"APPLE iPhone 7 Plus (Silver, 256 GB)",85400,4.5,29799,2997,https://rukminim1.flixcart.com/image/312/312/k13w4280/mobile/z/z/j/apple-iphone-7-plus-mn4x2hn-a-original-imafkqfgshtythwf.jpeg?q=70
286,"APPLE iPhone 8 (PRODUCT)RED (Red, 256 GB)",81500,4.7,113,10,https://rukminim1.flixcart.com/image/312/312/jgffp8w0/mobile/g/g/c/apple-iphone-8-product-red-special-edition-mrrk2hn-a-original-imaf4gudf5bzzxht.jpeg?q=70
287,"Apple iPhone XR (Yellow, 64 GB) (Includes EarPods, Power Adapter)",36999,4.6,100621,8572,https://rukminim1.flixcart.com/image/312/312/jnj7iq80/mobile/u/x/j/apple-iphone-xr-mryf2hn-a-original-imafa6zkjfkwymuz.jpeg?q=70
288,"Apple iPhone XR (White, 256 GB) (Includes EarPods, Power Adapter)",91900,4.6,100621,8572,https://rukminim1.flixcart.com/image/312/312/jnj7iq80/mobile/y/q/d/apple-iphone-xr-mry52hn-a-original-imafa6zkfgwpnsgz.jpeg?q=70
289,"APPLE iPhone 11 Pro Max (Midnight Green, 256 GB)",131900,4.7,1094,99,https://rukminim1.flixcart.com/image/312/312/k2jbyq80pkrrdj/mobile-refurbished/z/a/f/iphone-11-pro-max-256-u-mwhm2hn-a-apple-0-original-imafkg2ftc5cze5n.jpeg?q=70
290,"APPLE iPhone 6s (Space Grey, 64 GB)",49999,4.5,93045,9243,https://rukminim1.flixcart.com/image/312/312/mobile/t/e/7/apple-iphone-6s-na-original-imaebymatbv4unha.jpeg?q=70
291,"APPLE iPhone 6s Plus (Silver, 16 GB)",49999,4.4,18831,2379,https://rukminim1.flixcart.com/image/312/312/mobile/f/h/u/apple-iphone-6s-plus-na-original-imaebyngvzmrsyfu.jpeg?q=70
292,"APPLE iPhone 6s Plus (Gold, 16 GB)",49999,4.4,18831,2379,https://rukminim1.flixcart.com/image/312/312/mobile/d/z/u/apple-iphone-6s-plus-na-original-imaebynhzvw7dmje.jpeg?q=70
293,"APPLE iPhone 11 Pro (Space Grey, 512 GB)",140300,4.6,8661,630,https://rukminim1.flixcart.com/image/312/312/k2jbyq80pkrrdj/mobile-refurbished/c/u/e/iphone-11-pro-512-u-mwcd2hn-a-apple-0-original-imafkg2fhzhzzh5s.jpeg?q=70
294,"APPLE iPhone 7 Plus (Rose Gold, 256 GB)",85400,4.5,29799,2997,https://rukminim1.flixcart.com/image/312/312/k13w4280/mobile/x/y/m/apple-iphone-7-plus-mn4u2hn-a-original-imafkqfhmhyzy5xz.jpeg?q=70
295,"Apple iPhone XR (Blue, 256 GB) (Includes EarPods, Power Adapter)",91900,4.6,100621,8572,https://rukminim1.flixcart.com/image/312/312/jnj7iq80/mobile/r/k/h/apple-iphone-xr-mrya2hn-a-original-imafa6zkgrdrpuby.jpeg?q=70
296,"Apple iPhone XR ((PRODUCT)RED, 256 GB) (Includes EarPods, Power Adapter)",91900,4.6,100621,8572,https://rukminim1.flixcart.com/image/312/312/jnj7iq80/mobile/3/f/a/apple-iphone-xr-mry62hn-a-original-imafa6zkhyceh8dg.jpeg?q=70
297,"APPLE iPhone 6s (Silver, 128 GB)",55999,4.5,93045,9243,https://rukminim1.flixcart.com/image/312/312/mobile/k/9/y/apple-iphone-6s-na-original-imaebym8qz2hhh8n.jpeg?q=70
298,"APPLE iPhone 7 Plus (Jet Black, 32 GB)",37900,4.5,29799,2997,https://rukminim1.flixcart.com/image/312/312/j9338nk0/mobile/u/h/w/apple-iphone-7-plus-mqu72hn-a-original-imaeyyuytz4z9dmj.jpeg?q=70
299,"APPLE iPhone 7 (PRODUCT) (Red, 256 GB)",74400,4.7,29,1,https://rukminim1.flixcart.com/image/312/312/j1b0xow0/mobile/m/w/m/apple-iphone-7-mn4v2hn-a-original-imaeswujyv7sjnfp.jpeg?q=70
300,"APPLE iPhone 6s (Silver, 16 GB)",41999,4.5,93045,9243,https://rukminim1.flixcart.com/image/312/312/mobile/k/9/y/apple-iphone-6s-na-original-imaebym8qz2hhh8n.jpeg?q=70
301,"APPLE iPhone 7 Plus (Silver, 32 GB)",37900,4.5,29799,2997,https://rukminim1.flixcart.com/image/312/312/k13w4280/mobile/z/z/j/apple-iphone-7-plus-mn4x2hn-a-original-imafkqfgshtythwf.jpeg?q=70
302,"APPLE iPhone 6s (Rose Gold, 128 GB)",55999,4.5,93045,9243,https://rukminim1.flixcart.com/image/312/312/mobile/v/g/j/apple-iphone-6s-na-original-imaebym6vqhggczq.jpeg?q=70
303,"APPLE iPhone XR (Coral, 64 GB)",47900,4.6,100621,8572,https://rukminim1.flixcart.com/image/312/312/k0lbdzk0pkrrdj/mobile/j/p/b/apple-iphone-xr-mryg2hn-a-original-imafbhyw3budgyh8.jpeg?q=70
304,"APPLE iPhone 8 Plus (PRODUCT)RED (Red, 64 GB)",49900,4.6,267,23,https://rukminim1.flixcart.com/image/312/312/jgffp8w0/mobile/y/4/8/apple-iphone-8-plus-product-red-special-edition-mrt72hn-a-original-imaf4gueermyhqg8.jpeg?q=70
305,"APPLE iPhone 6 (Gold, 128 GB)",49999,4.4,145565,16257,https://rukminim1.flixcart.com/image/312/312/mobile/x/x/b/apple-iphone-6-original-imaeynygkn5g4jzh.jpeg?q=70
306,"APPLE iPhone 6s Plus (Rose Gold, 64 GB)",59999,4.4,18831,2379,https://rukminim1.flixcart.com/image/312/312/mobile/x/u/e/apple-iphone-6s-plus-na-original-imaebyngfadycxgt.jpeg?q=70
307,"APPLE iPhone 11 Pro (Silver, 512 GB)",140300,4.6,8661,630,https://rukminim1.flixcart.com/image/312/312/k2jbyq80pkrrdj/mobile-refurbished/k/6/h/iphone-11-pro-max-64-b-mwhf2hn-a-apple-0-original-imafkg2ftqfvr9sf.jpeg?q=70
308,"APPLE iPhone 6s Plus (Gold, 64 GB)",59999,4.4,18831,2379,https://rukminim1.flixcart.com/image/312/312/mobile/d/z/u/apple-iphone-6s-plus-na-original-imaebynhzvw7dmje.jpeg?q=70
309,"APPLE iPhone 6s (Gold, 128 GB)",55999,4.5,93045,9243,https://rukminim1.flixcart.com/image/312/312/mobile/t/u/b/apple-iphone-6s-na-original-imaebym7xbtayesf.jpeg?q=70
310,"APPLE iPhone 6s (Gold, 64 GB)",49999,4.5,93045,9243,https://rukminim1.flixcart.com/image/312/312/mobile/t/u/b/apple-iphone-6s-na-original-imaebym7xbtayesf.jpeg?q=70
311,"APPLE iPhone 11 Pro (Gold, 512 GB)",140300,4.6,8661,630,https://rukminim1.flixcart.com/image/312/312/k2jbyq80pkrrdj/mobile-refurbished/e/b/u/iphone-11-pro-max-64-a-mwhg2hn-a-apple-0-original-imafkg2fg3evmhuy.jpeg?q=70
312,"APPLE iPhone XS Max (Silver, 512 GB)",144900,4.6,1454,147,https://rukminim1.flixcart.com/image/312/312/jm9hfgw0/mobile/c/2/j/apple-iphone-xs-max-mt542hn-a-original-imaf97f6n9eg9be4.jpeg?q=70
313,"APPLE iPhone 6s (Gold, 16 GB)",41999,4.5,93045,9243,https://rukminim1.flixcart.com/image/312/312/mobile/j/g/g/apple-iphone-6s-na-original-imaeby6yymhkvutk.jpeg?q=70
314,"APPLE iPhone 6s Plus (Space Grey, 128 GB)",92000,4.4,18831,2379,https://rukminim1.flixcart.com/image/312/312/mobile/b/u/e/apple-iphone-6s-plus-na-original-imaebynjg6gdh2zs.jpeg?q=70
315,"APPLE iPhone 6 Plus (Space Grey, 16 GB)",39999,4.5,1673,200,https://rukminim1.flixcart.com/image/312/312/mobile/h/z/d/apple-iphone-6-plus-original-imaeymdqfzw2zzhw.jpeg?q=70
316,"APPLE iPhone 7 Plus (Silver, 128 GB)",42900,4.5,29799,2997,https://rukminim1.flixcart.com/image/312/312/k13w4280/mobile/z/z/j/apple-iphone-7-plus-mn4x2hn-a-original-imafkqfgshtythwf.jpeg?q=70
317,"APPLE iPhone 6s (Rose Gold, 16 GB)",31999,4.5,93045,9243,https://rukminim1.flixcart.com/image/312/312/mobile/f/c/g/apple-iphone-6s-na-original-imaeby6rmzxdpvbj.jpeg?q=70
318,"APPLE iPhone 6s Plus (Silver, 64 GB)",59999,4.4,18831,2379,https://rukminim1.flixcart.com/image/312/312/mobile/f/h/u/apple-iphone-6s-plus-na-original-imaebyngvzmrsyfu.jpeg?q=70
319,"APPLE iPhone 12 Pro Max (Pacific Blue, 128 GB)",95599,4.5,1261,102,https://rukminim1.flixcart.com/image/312/312/kg8avm80/mobile/c/v/t/apple-iphone-12-pro-max-dummyapplefsn-original-imafwgcyhmzhaapd.jpeg?q=70
320,"APPLE iPhone 6s Plus (Space Grey, 64 GB)",59999,4.4,18831,2379,https://rukminim1.flixcart.com/image/312/312/mobile/b/u/e/apple-iphone-6s-plus-na-original-imaebynjg6gdh2zs.jpeg?q=70
321,"APPLE iPhone 7 (Gold, 128 GB)",34900,4.5,95080,9193,https://rukminim1.flixcart.com/image/312/312/k12go7k0/mobile/e/q/m/apple-iphone-7-mn942hn-a-original-imafkqe8mqaafe4g.jpeg?q=70
322,"APPLE iPhone XR (Coral, 128 GB)",52900,4.6,100621,8572,https://rukminim1.flixcart.com/image/312/312/k0lbdzk0pkrrdj/mobile/j/p/b/apple-iphone-xr-mryg2hn-a-original-imafbhyw3budgyh8.jpeg?q=70
323,"APPLE iPhone 6 (Silver, 16 GB)",36990,4.4,145565,16257,https://rukminim1.flixcart.com/image/312/312/mobile/h/k/n/apple-iphone-6-original-imaeyny5agaysfqg.jpeg?q=70
324,"APPLE iPhone SE 3rd Gen (Product (Red), 256 GB)",46599,4.3,587,78,https://rukminim1.flixcart.com/image/312/312/l0igvww0/mobile/9/6/t/-original-imagca67gxuvkmrj.jpeg?q=70
325,"APPLE iPhone XS Max (Silver, 64 GB)",109900,4.6,1454,147,https://rukminim1.flixcart.com/image/312/312/jm9hfgw0/mobile/c/2/j/apple-iphone-xs-max-mt542hn-a-original-imaf97f6n9eg9be4.jpeg?q=70
326,"APPLE iPhone 6s Plus (Rose Gold, 16 GB)",49999,4.4,18831,2379,https://rukminim1.flixcart.com/image/312/312/mobile/x/u/e/apple-iphone-6s-plus-na-original-imaebyngfadycxgt.jpeg?q=70
327,"APPLE iPhone 7 Plus (Jet Black, 256 GB)",85400,4.5,29799,2997,https://rukminim1.flixcart.com/image/312/312/mobile/j/f/b/apple-iphone-7-plus-na-original-imaemzg7hzvnwghj.jpeg?q=70
328,"APPLE iPhone 7 (Jet Black, 128 GB)",34900,4.5,95080,9193,https://rukminim1.flixcart.com/image/312/312/mobile/m/t/8/apple-iphone-7-na-original-imaemzfjmrwpksbu.jpeg?q=70
329,"APPLE iPhone X (Space Gray, 64 GB)",91900,4.6,10966,868,https://rukminim1.flixcart.com/image/312/312/j9d3bm80/mobile/k/x/a/apple-iphone-x-mqa82hn-a-original-imaeyysgmypxmazk.jpeg?q=70
330,"Apple iPhone XR (Blue, 128 GB) (Includes EarPods, Power Adapter)",52900,4.6,100621,8572,https://rukminim1.flixcart.com/image/312/312/k0lbdzk0pkrrdj/mobile/f/z/3/apple-iphone-xr-mrya2hn-a-original-imafbhyvbz2hmaxd.jpeg?q=70
331,"APPLE iPhone SE 3rd Gen (Midnight, 256 GB)",46599,4.3,587,78,https://rukminim1.flixcart.com/image/312/312/l0igvww0/mobile/9/y/q/-original-imagca67yxswgwqq.jpeg?q=70
332,"APPLE iPhone 6s Plus (Space Grey, 32 GB)",34900,4.4,18831,2379,https://rukminim1.flixcart.com/image/312/312/j7qi9ow0/mobile/y/h/t/apple-iphone-6s-plus-mn2v2hn-a-original-imaexw6yzq92gwsu.jpeg?q=70
333,"APPLE iPhone XR (Black, 128 GB)",41699,4.6,100621,8572,https://rukminim1.flixcart.com/image/312/312/k0lbdzk0pkrrdj/mobile/s/p/d/apple-iphone-xr-mry42hn-a-original-imafbhyxurw8y7zg.jpeg?q=70
334,"APPLE iPhone XS (Silver, 256 GB)",103900,4.7,11965,870,https://rukminim1.flixcart.com/image/312/312/jm9hfgw0/mobile/g/h/c/apple-iphone-xs-mt9f2hn-a-original-imaf97f6zzfkzjcz.jpeg?q=70
335,"APPLE iPhone 8 (PRODUCT)RED (Red, 64 GB)",39900,4.7,113,10,https://rukminim1.flixcart.com/image/312/312/jgffp8w0/mobile/g/g/c/apple-iphone-8-product-red-special-edition-mrrk2hn-a-original-imaf4gudf5bzzxht.jpeg?q=70
336,"Apple iPhone XR (Yellow, 256 GB) (Includes EarPods, Power Adapter)",91900,4.6,100621,8572,https://rukminim1.flixcart.com/image/312/312/jnj7iq80/mobile/u/x/j/apple-iphone-xr-mryf2hn-a-original-imafa6zkjfkwymuz.jpeg?q=70
337,"APPLE iPhone 7 (Silver, 128 GB)",34900,4.5,95080,9193,https://rukminim1.flixcart.com/image/312/312/k12go7k0/mobile/b/h/n/apple-iphone-7-mn932hn-a-original-imafkqe89uazqfa3.jpeg?q=70
338,"APPLE iPhone 12 Pro Max (Graphite, 512 GB)",123299,4.5,1261,102,https://rukminim1.flixcart.com/image/312/312/kg8avm80/mobile/5/z/w/apple-iphone-12-pro-max-dummyapplefsn-original-imafwgcy7ugz3y2z.jpeg?q=70
339,"APPLE iPhone X (Space Gray, 256 GB)",106900,4.6,10966,868,https://rukminim1.flixcart.com/image/312/312/j9d3bm80/mobile/g/g/q/apple-iphone-x-mqa52hn-a-original-imaeyzyfbgcwyhwg.jpeg?q=70
340,"APPLE iPhone X (Silver, 256 GB)",106900,4.6,10966,868,https://rukminim1.flixcart.com/image/312/312/j9d3bm80/mobile/g/x/j/apple-iphone-x-mqa62hn-a-original-imaeyzyfdzhfckef.jpeg?q=70
341,"APPLE iPhone 6 Plus (Silver, 128 GB)",48999,4.5,1673,200,https://rukminim1.flixcart.com/image/312/312/mobile/m/q/k/apple-iphone-6-plus-original-imaeymdqartzwz76.jpeg?q=70
342,"APPLE iPhone XS (Space Grey, 256 GB)",103900,4.7,11965,870,https://rukminim1.flixcart.com/image/312/312/jm9hfgw0/mobile/y/4/u/apple-iphone-xs-mt9l2hn-a-original-imaf97f65bqbdycy.jpeg?q=70
343,"APPLE iPhone 11 Pro Max (Gold, 256 GB)",131900,4.7,1094,99,https://rukminim1.flixcart.com/image/312/312/k2jbyq80pkrrdj/mobile-refurbished/e/b/u/iphone-11-pro-max-64-a-mwhg2hn-a-apple-0-original-imafkg2fg3evmhuy.jpeg?q=70
344,"APPLE iPhone 7 Plus (PRODUCT) (Red, 256 GB)",85400,5.0,3,3,https://rukminim1.flixcart.com/image/312/312/j1b0xow0/mobile/u/d/p/apple-iphone-7-plus-mn4v2hn-a-original-imaeswuhkxd62sr9.jpeg?q=70
345,"APPLE IPhone 4 (Black, 8 GB)",22900,4.1,1091,184,https://rukminim1.flixcart.com/image/312/312/mobile/h/e/n/apple-iphone-4-original-imadknfx36wrgvug.jpeg?q=70
346,"APPLE iPhone 6 Plus (Space Grey, 64 GB)",48999,4.5,1673,200,https://rukminim1.flixcart.com/image/312/312/mobile/h/z/d/apple-iphone-6-plus-original-imaeymdqfzw2zzhw.jpeg?q=70
347,"APPLE iPhone 6 (Space Grey, 64 GB)",44999,4.4,145565,16257,https://rukminim1.flixcart.com/image/312/312/mobile/f/2/j/apple-iphone-6-original-imaeymdqs5gm5xkz.jpeg?q=70
348,"APPLE iPhone 8 Plus (PRODUCT)RED (Red, 256 GB)",84900,4.6,267,23,https://rukminim1.flixcart.com/image/312/312/jgffp8w0/mobile/y/4/8/apple-iphone-8-plus-product-red-special-edition-mrt72hn-a-original-imaf4gueermyhqg8.jpeg?q=70
349,"APPLE iPhone 8 Plus (Gold, 256 GB)",84900,4.6,3439,355,https://rukminim1.flixcart.com/image/312/312/j7ksia80/mobile/u/z/b/apple-iphone-8-plus-mq8j2hn-a-original-imaexsfmnxjcfc8t.jpeg?q=70
350,"APPLE iPhone XR (Blue, 64 GB)",47900,4.6,100621,8572,https://rukminim1.flixcart.com/image/312/312/k0lbdzk0pkrrdj/mobile/f/z/3/apple-iphone-xr-mrya2hn-a-original-imafbhyvbz2hmaxd.jpeg?q=70
351,"APPLE iPhone 6 Plus (Silver, 16 GB)",40999,4.5,1673,200,https://rukminim1.flixcart.com/image/312/312/mobile/m/q/k/apple-iphone-6-plus-original-imaeymdqartzwz76.jpeg?q=70
352,"APPLE iPhone 7 Plus (Jet Black, 128 GB)",42900,4.5,29799,2997,https://rukminim1.flixcart.com/image/312/312/mobile/j/f/b/apple-iphone-7-plus-na-original-imaemzg7hzvnwghj.jpeg?q=70
353,"APPLE iPhone 11 Pro (Silver, 256 GB)",100699,4.6,8661,630,https://rukminim1.flixcart.com/image/312/312/k2jbyq80pkrrdj/mobile-refurbished/k/6/h/iphone-11-pro-max-64-b-mwhf2hn-a-apple-0-original-imafkg2ftqfvr9sf.jpeg?q=70
354,"APPLE iPhone 7 Plus (Gold, 32 GB)",37900,4.5,29799,2997,https://rukminim1.flixcart.com/image/312/312/k13w4280/mobile/p/p/4/apple-iphone-7-plus-mn4q2hn-a-original-imafkqfhjzsvghb8.jpeg?q=70
355,"APPLE iPhone 6s Plus (Silver, 32 GB)",34900,4.4,18831,2379,https://rukminim1.flixcart.com/image/312/312/j7qi9ow0/mobile/p/q/h/apple-iphone-6s-plus-mn2w2hn-a-original-imaexvxuaeuwxpsf.jpeg?q=70
356,"APPLE iPhone 7 Plus (Rose Gold, 32 GB)",37900,4.5,29799,2997,https://rukminim1.flixcart.com/image/312/312/k13w4280/mobile/x/y/m/apple-iphone-7-plus-mn4u2hn-a-original-imafkqfhmhyzy5xz.jpeg?q=70
357,"APPLE iPhone 8 (Space Grey, 64 GB)",39900,4.5,11361,803,https://rukminim1.flixcart.com/image/312/312/j7ksia80/mobile/z/2/s/apple-iphone-8-mq6k2hn-a-original-imaexsbztghyprcg.jpeg?q=70
358,"APPLE iPhone 7 Plus (Gold, 128 GB)",42900,4.5,29799,2997,https://rukminim1.flixcart.com/image/312/312/k13w4280/mobile/p/p/4/apple-iphone-7-plus-mn4q2hn-a-original-imafkqfhjzsvghb8.jpeg?q=70
359,"APPLE iPhone 6s Plus (Gold, 32 GB)",34900,4.4,18831,2379,https://rukminim1.flixcart.com/image/312/312/j7qi9ow0/mobile/r/n/z/apple-iphone-6s-plus-mn2x2hn-a-original-imaexvxu2uuqrgpe.jpeg?q=70
360,"APPLE iPhone 7 Plus (Rose Gold, 128 GB)",42900,4.5,29799,2997,https://rukminim1.flixcart.com/image/312/312/k13w4280/mobile/x/y/m/apple-iphone-7-plus-mn4u2hn-a-original-imafkqfhmhyzy5xz.jpeg?q=70
361,"APPLE iPhone 5C (Yellow, 8 GB)",37500,3.9,1326,265,https://rukminim1.flixcart.com/image/312/312/kmjhw280pkrrdj/mobile-refurbished/h/q/r/iphone-5c-32-a-a1529-apple-original-imadwyy4zyr5cdpf.jpeg?q=70
362,"APPLE iPhone 7 Plus (Black, 256 GB)",85400,4.5,29799,2997,https://rukminim1.flixcart.com/image/312/312/k13w4280/mobile/h/q/h/apple-iphone-7-plus-mn4w2hn-a-original-imafkqfhzxgedrcu.jpeg?q=70
363,"APPLE iPhone XS (Silver, 512 GB)",134900,4.7,11965,870,https://rukminim1.flixcart.com/image/312/312/jm9hfgw0/mobile/g/h/c/apple-iphone-xs-mt9f2hn-a-original-imaf97f6zzfkzjcz.jpeg?q=70
364,"APPLE iPhone SE (Black, 256 GB)",40990,4.5,153773,12062,https://rukminim1.flixcart.com/image/312/312/k9loccw0/mobile/p/z/q/apple-iphone-se-mxd02hn-a-original-imafrcpjyscxm8fv.jpeg?q=70
365,"Apple iPhone XR (Coral, 128 GB) (Includes EarPods, Power Adapter)",41699,4.6,100621,8572,https://rukminim1.flixcart.com/image/312/312/jnj7iq80/mobile/u/a/p/apple-iphone-xr-mryg2hn-a-original-imafa6zkzyntrt3t.jpeg?q=70
366,"APPLE iPhone 7 (Black, 128 GB)",34900,4.5,95080,9193,https://rukminim1.flixcart.com/image/312/312/k12go7k0/mobile/7/e/e/apple-iphone-7-mn8x2hn-a-original-imafkqcqhzxuvcpd.jpeg?q=70
367,"APPLE iPhone 6 Plus (Silver, 64 GB)",48999,4.5,1673,200,https://rukminim1.flixcart.com/image/312/312/mobile/m/q/k/apple-iphone-6-plus-original-imaeymdqartzwz76.jpeg?q=70
368,"APPLE iPhone 5s (Space Grey, 16 GB)",25000,4.4,62719,7352,https://rukminim1.flixcart.com/image/312/312/mobile/z/h/f/apple-iphone-5s-original-imadpppc54zfpj9c.jpeg?q=70
369,"APPLE iPhone 7 (Rose Gold, 128 GB)",34900,4.5,95080,9193,https://rukminim1.flixcart.com/image/312/312/k12go7k0/mobile/e/y/z/apple-iphone-7-mn952hn-a-original-imafkqe8ptsnpd6m.jpeg?q=70
370,"APPLE iPhone 5C (Pink, 8 GB)",37500,3.9,1326,265,https://rukminim1.flixcart.com/image/312/312/kmthz0w0pkrrdj/mobile-refurbished/7/d/1/iphone-5c-32-a-na-apple-original-imadwyy4yvrgbyum.jpeg?q=70
371,"APPLE iPhone 6s Plus (Silver, 128 GB)",70000,4.4,18831,2379,https://rukminim1.flixcart.com/image/312/312/mobile/f/h/u/apple-iphone-6s-plus-na-original-imaebyngvzmrsyfu.jpeg?q=70
372,"APPLE iPhone XS (Gold, 256 GB)",103900,4.7,11965,870,https://rukminim1.flixcart.com/image/312/312/jm9hfgw0/mobile/x/g/f/apple-iphone-xs-mt9k2hn-a-original-imaf97f6hqebeych.jpeg?q=70
373,"APPLE iPhone XR (Yellow, 64 GB)",47900,4.6,100621,8572,https://rukminim1.flixcart.com/image/312/312/k0lbdzk0pkrrdj/mobile/y/z/f/apple-iphone-xr-mry72hn-a-original-imafbhywvgshhwhd.jpeg?q=70
374,"APPLE iPhone 7 Plus (Black, 128 GB)",42900,4.5,29799,2997,https://rukminim1.flixcart.com/image/312/312/k13w4280/mobile/h/q/h/apple-iphone-7-plus-mn4w2hn-a-original-imafkqfhzxgedrcu.jpeg?q=70
375,"APPLE iPhone 6s Plus (Space Grey, 16 GB)",72000,4.4,18831,2379,https://rukminim1.flixcart.com/image/312/312/mobile/b/u/e/apple-iphone-6s-plus-na-original-imaeby7yqedxtcwv.jpeg?q=70
376,"APPLE iPhone 7 (Gold, 256 GB)",74400,4.5,95080,9193,https://rukminim1.flixcart.com/image/312/312/k12go7k0/mobile/e/q/m/apple-iphone-7-mn942hn-a-original-imafkqe8mqaafe4g.jpeg?q=70
377,"APPLE iPhone XS (Gold, 64 GB)",89900,4.7,11965,870,https://rukminim1.flixcart.com/image/312/312/jm9hfgw0/mobile/x/g/f/apple-iphone-xs-mt9k2hn-a-original-imaf97f6hqebeych.jpeg?q=70
378,"APPLE iPhone XS Max (Silver, 256 GB)",124900,4.6,1454,147,https://rukminim1.flixcart.com/image/312/312/jm9hfgw0/mobile/c/2/j/apple-iphone-xs-max-mt542hn-a-original-imaf97f6n9eg9be4.jpeg?q=70
379,"APPLE iPhone 7 (Silver, 256 GB)",74400,4.5,95080,9193,https://rukminim1.flixcart.com/image/312/312/k12go7k0/mobile/b/h/n/apple-iphone-7-mn932hn-a-original-imafkqe89uazqfa3.jpeg?q=70
380,"APPLE iPhone 7 Plus (Red, 128 GB)",42900,4.5,29799,2997,https://rukminim1.flixcart.com/image/312/312/j1b0xow0/mobile/k/e/t/apple-iphone-7-plus-mn4v2hn-a-original-imaeswuk6ecvqhb5.jpeg?q=70
381,"APPLE iPhone 6s (Space Grey, 128 GB)",82000,4.5,93045,9243,https://rukminim1.flixcart.com/image/312/312/mobile/t/e/7/apple-iphone-6s-na-original-imaebymatbv4unha.jpeg?q=70
382,"APPLE iPhone 7 (Jet Black, 256 GB)",74400,4.5,95080,9193,https://rukminim1.flixcart.com/image/312/312/mobile/m/t/8/apple-iphone-7-na-original-imaemzfjmrwpksbu.jpeg?q=70
383,"APPLE iPhone 12 Pro Max (Silver, 256 GB)",129900,4.5,1261,102,https://rukminim1.flixcart.com/image/312/312/kg8avm80/mobile/g/z/c/apple-iphone-12-pro-max-dummyapplefsn-original-imafwgcyyemh9hbg.jpeg?q=70
384,"APPLE iPhone 13 mini (Starlight, 256 GB)",68990,4.5,3044,265,https://rukminim1.flixcart.com/image/312/312/ktketu80/mobile/a/j/u/iphone-13-mini-mlkc3hn-a-apple-original-imag6vp6swvmsbnn.jpeg?q=70
385,"APPLE iPhone XS (Silver, 64 GB)",89900,4.7,11965,870,https://rukminim1.flixcart.com/image/312/312/jm9hfgw0/mobile/g/h/c/apple-iphone-xs-mt9f2hn-a-original-imaf97f6zzfkzjcz.jpeg?q=70
386,"Apple iPhone SE (Red, 256 GB) (Includes EarPods, Power Adapter)",54900,4.5,153773,12062,https://rukminim1.flixcart.com/image/312/312/k9loccw0/mobile/6/8/g/apple-iphone-se-mxvv2hn-a-original-imafrcqmfh4zznmq.jpeg?q=70
387,"APPLE iPhone XR (Blue, 128 GB)",52900,4.6,100621,8572,https://rukminim1.flixcart.com/image/312/312/k0lbdzk0pkrrdj/mobile/f/z/3/apple-iphone-xr-mrya2hn-a-original-imafbhyvbz2hmaxd.jpeg?q=70
388,"APPLE iPhone 5s (Silver, 16 GB)",25000,4.4,62719,7352,https://rukminim1.flixcart.com/image/312/312/mobile/5/8/2/apple-iphone-5s-a1530-original-imaehzzwzbcgg3sg.jpeg?q=70
389,"APPLE iPhone 13 mini (Blue, 512 GB)",79990,4.5,3044,265,https://rukminim1.flixcart.com/image/312/312/ktketu80/mobile/a/i/l/iphone-13-mini-mlk93hn-a-apple-original-imag6vp6x67yypzk.jpeg?q=70
390,"APPLE iPhone 12 Pro Max (Graphite, 256 GB)",129900,4.5,1261,102,https://rukminim1.flixcart.com/image/312/312/kg8avm80/mobile/5/z/w/apple-iphone-12-pro-max-dummyapplefsn-original-imafwgcy7ugz3y2z.jpeg?q=70
391,"APPLE iPhone 6 (Silver, 128 GB)",71500,4.4,145565,16257,https://rukminim1.flixcart.com/image/312/312/mobile/h/h/g/apple-iphone-6-original-imaeyny5hqffnnbn.jpeg?q=70
392,"APPLE iPhone 6 (Grey, 128 GB)",71500,4.4,145565,16257,https://rukminim1.flixcart.com/image/312/312/mobile/f/2/j/apple-iphone-6-original-imaeymdqs5gm5xkz.jpeg?q=70
393,"APPLE iPhone 11 Pro (Space Grey, 64 GB)",106600,4.6,8661,630,https://rukminim1.flixcart.com/image/312/312/k2jbyq80pkrrdj/mobile-refurbished/c/u/e/iphone-11-pro-512-u-mwcd2hn-a-apple-0-original-imafkg2fhzhzzh5s.jpeg?q=70
394,"APPLE iPhone 6s Plus (Rose Gold, 128 GB)",70000,4.4,18831,2379,https://rukminim1.flixcart.com/image/312/312/mobile/x/u/e/apple-iphone-6s-plus-na-original-imaebyngfadycxgt.jpeg?q=70
395,"APPLE iPhone 7 (Rose Gold, 256 GB)",74400,4.5,95080,9193,https://rukminim1.flixcart.com/image/312/312/k12go7k0/mobile/e/y/z/apple-iphone-7-mn952hn-a-original-imafkqe8ptsnpd6m.jpeg?q=70
396,"APPLE iPhone 6 (Gold, 64 GB)",62500,4.4,145565,16257,https://rukminim1.flixcart.com/image/312/312/mobile/a/z/h/apple-iphone-6-original-imaeynf5tzfkzaym.jpeg?q=70
397,"APPLE iPhone 6s (Rose Gold, 64 GB)",72000,4.5,93045,9243,https://rukminim1.flixcart.com/image/312/312/mobile/v/g/j/apple-iphone-6s-na-original-imaebym6vqhggczq.jpeg?q=70
398,"APPLE iPhone XR (Yellow, 128 GB)",41699,4.6,100621,8572,https://rukminim1.flixcart.com/image/312/312/k0lbdzk0pkrrdj/mobile/y/z/f/apple-iphone-xr-mry72hn-a-original-imafbhywvgshhwhd.jpeg?q=70
399,"APPLE iPhone 11 Pro (Midnight Green, 256 GB)",121300,4.6,8661,630,https://rukminim1.flixcart.com/image/312/312/k2jbyq80pkrrdj/mobile-refurbished/z/a/f/iphone-11-pro-max-256-u-mwhm2hn-a-apple-0-original-imafkg2ftc5cze5n.jpeg?q=70
400,"APPLE iPhone 6s (Space Grey, 16 GB)",62000,4.5,93045,9243,https://rukminim1.flixcart.com/image/312/312/mobile/t/e/7/apple-iphone-6s-na-original-imaebymaz5exfapw.jpeg?q=70
401,"APPLE iPhone X (Silver, 64 GB)",91900,4.6,10966,868,https://rukminim1.flixcart.com/image/312/312/j9d3bm80/mobile/f/y/v/apple-iphone-x-mqa92hn-a-original-imaeyysgqbg8qmhn.jpeg?q=70
402,"APPLE iPhone 6 (Silver, 64 GB)",62000,4.4,145565,16257,https://rukminim1.flixcart.com/image/312/312/mobile/2/j/5/apple-iphone-6-original-imaeyny5fy253xy4.jpeg?q=70
403,"Apple iPhone XR (White, 64 GB) (Includes EarPods, Power Adapter)",36999,4.6,100621,8572,https://rukminim1.flixcart.com/image/312/312/jnj7iq80/mobile/y/q/d/apple-iphone-xr-mry52hn-a-original-imafa6zkfgwpnsgz.jpeg?q=70
404,"APPLE iPhone 12 mini (Purple, 128 GB)",43999,4.5,123723,9964,https://rukminim1.flixcart.com/image/312/312/ko0d6kw0/mobile/d/h/5/iphone-12-mini-mjqh3hn-a-apple-original-imag2k2xuuyfyusd.jpeg?q=70
405,"APPLE iPhone 11 Pro (Silver, 64 GB)",106600,4.6,8661,630,https://rukminim1.flixcart.com/image/312/312/k2jbyq80pkrrdj/mobile-refurbished/k/6/h/iphone-11-pro-max-64-b-mwhf2hn-a-apple-0-original-imafkg2ftqfvr9sf.jpeg?q=70
406,"APPLE iPhone 6 Plus (Space Grey, 128 GB)",80500,4.5,1673,200,https://rukminim1.flixcart.com/image/312/312/mobile/h/z/d/apple-iphone-6-plus-original-imaeymdqfzw2zzhw.jpeg?q=70
407,"APPLE iPhone 6 Plus (Gold, 64 GB)",71500,4.5,1673,200,https://rukminim1.flixcart.com/image/312/312/mobile/4/q/n/apple-iphone-6-plus-original-imaeymdqx2g2wtjn.jpeg?q=70
